{"stats":{"minecraft:used":{"minecraft:sunflower":2},"minecraft:picked_up":{"minecraft:wheat_seeds":6,"minecraft:dirt":14,"minecraft:sunflower":2},"minecraft:custom":{"minecraft:jump":58,"minecraft:time_since_rest":1976,"minecraft:leave_game":2,"minecraft:crouch_one_cm":1270,"minecraft:sprint_one_cm":5995,"minecraft:play_time":1976,"minecraft:damage_taken":115,"minecraft:time_since_death":1976,"minecraft:walk_one_cm":1858,"minecraft:sneak_time":302,"minecraft:total_world_time":1976,"minecraft:fall_one_cm":2016,"minecraft:fly_one_cm":15528},"minecraft:mined":{"minecraft:tall_grass":1,"biomesoplenty:barley":26,"minecraft:grass":32,"minecraft:grass_block":14,"minecraft:sunflower":3}},"DataVersion":3465}