{"stats":{"minecraft:killed_by":{"undead_revamp2:theskeeper":1,"undead_revamp2:the_moonflower":2,"alexsmobs:straddler":3,"cataclysm:deepling":1,"minecraft:zombie":2,"stalwart_dungeons:incomplete_wither":3,"born_in_chaos_v1:lifestealer_true_form":1,"born_in_chaos_v1:dark_vortex":1,"born_in_chaos_v1:firelight":1,"minecraft:warden":8,"minecraft:ghast":1,"cataclysm:deepling_angler":1,"iceandfire:fire_dragon":6,"born_in_chaos_v1:bone_imp":1,"deeperdarker:shattered":1,"undead_revamp2:thehorrors":1,"undead_revamp2:thehunter":1,"minecraft:skeleton":4,"alexsmobs:crimson_mosquito":1,"born_in_chaos_v1:nightmare_stalker":1,"born_in_chaos_v1:restless_spirit":1,"born_in_chaos_v1:zombie_lumberjack":1,"undead_revamp2:thesomnolence":1,"stalwart_dungeons:giddy_blaze":1,"born_in_chaos_v1:corpse_fly":1,"minecraft:piglin":4,"stalwart_dungeons:reinforced_blaze":2,"minecraft:player":9,"minecraft:enderman":1,"minecraft:iron_golem":1,"iceandfire:gorgon":2,"irons_spellbooks:necromancer":1,"cataclysm:ignis":12},"minecraft:broken":{"aether:golden_gloves":2,"minecraft:diamond_helmet":3,"minecraft:iron_leggings":3,"minecraft:crossbow":1,"minecraft:diamond_leggings":1,"minecraft:iron_pickaxe":1,"epicpaladins:arclight_hoe":4,"minecraft:diamond_boots":4,"minecraft:diamond_hoe":1,"minecraft:diamond_chestplate":2,"epicpaladins:bloodstone_pickaxe":1,"minecraft:iron_boots":1,"minecraft:netherite_chestplate":1,"minecraft:iron_sword":1,"epicpaladins:moonlight_pickaxe":1,"minecraft:netherite_leggings":1,"epicpaladins:arclight_pickaxe":1,"minecraft:iron_helmet":1},"minecraft:crafted":{"epicpaladins:arclight_sword":3,"minecraft:oak_sign":3,"minecraft:birch_boat":1,"minecraft:chain":3,"minecraft:nether_brick":16,"minecraft:diamond_helmet":4,"irons_spellbooks:scroll":2,"waystones:warp_stone":2,"minecraft:golden_leggings":1,"minecraft:stone_slab":6,"quark:oak_chest":5,"minecraft:iron_pickaxe":2,"minecraft:netherite_ingot":5,"minecraft:iron_nugget":9,"born_in_chaos_v1:smoked_monster_flesh":2,"minecraft:enchanting_table":1,"irons_spellbooks:wandering_magician_helmet":1,"handcrafted:phantom_trophy":1,"minecraft:cobblestone_slab":96,"minecraft:melon_slice":12,"minecraft:stone":8,"epicpaladins:arclight_pickaxe":6,"minecraft:warped_planks":12,"minecraft:bow":1,"minecraft:chest":1,"minecraft:stone_bricks":4,"minecraft:golden_boots":2,"epicpaladins:arclight_hoe":3,"minecraft:arrow":1,"minecraft:iron_helmet":1,"irons_spellbooks:furled_map":1,"epicpaladins:moonlight_pickaxe":5,"minecraft:stick":120,"minecraft:iron_ingot":64,"minecraft:fishing_rod":1,"minecraft:golden_chestplate":7,"minecraft:furnace":6,"minecraft:flint_and_steel":2,"minecraft:netherite_chestplate":5,"backpacked:backpack":1,"minecraft:iron_sword":2,"born_in_chaos_v1:bone_heart":1,"stalwart_dungeons:tungsten_chestplate":1,"epicpaladins:bloodstone_pickaxe":1,"minecraft:anvil":2,"cataclysm:ignitium_boots":1,"minecraft:torch":376,"minecraft:diamond_chestplate":6,"waystones:waystone":1,"irons_spellbooks:fire_ale":1,"minecraft:quartz_block":36,"minecraft:glass":12,"minecraft:diamond_leggings":4,"minecraft:emerald":71,"villagersplus:alchemist_table":1,"irons_spellbooks:arcane_anvil":1,"villagersplus:oceanographer_table":1,"cataclysm:monstrous_helm":1,"minecraft:iron_block":28,"minecraft:gold_ingot":363,"minecraft:stone_shovel":24,"minecraft:bone_meal":1456,"minecraft:diamond":119,"minecraft:diamond_boots":7,"minecraft:golden_helmet":5,"minecraft:wheat":138,"minecraft:golden_apple":19,"minecraft:iron_leggings":2,"cataclysm:ignitium_upgrade_smithing_template":1,"minecraft:oak_planks":128,"minecraft:iron_boots":2,"minecraft:netherite_upgrade_smithing_template":28,"minecraft:stone_hoe":12,"cataclysm:coral_spear":1,"minecraft:smoker":3,"quark:blossom_planks":40,"minecraft:crafting_table":7,"minecraft:baked_potato":1167,"minecraft:gold_block":37,"iceandfire:tide_deepblue_leggings":1,"minecraft:birch_planks":8,"farmersdelight:cutting_board":1,"minecraft:iron_chestplate":1,"minecraft:diamond_pickaxe":7,"minecraft:shield":1,"stalwart_dungeons:tungsten_leggings":1,"irons_spellbooks:eldritch_manuscript":2,"minecraft:diamond_block":18,"minecraft:netherite_leggings":4,"minecraft:leather":8,"minecraft:polished_deepslate":8,"minecraft:iron_axe":1,"minecraft:filled_map":1,"minecraft:netherite_scrap":17,"stalwart_dungeons:tungsten_ingot":26,"minecraft:nether_bricks":4,"minecraft:bucket":1,"born_in_chaos_v1:scorched_planks":16,"minecraft:bread":48,"minecraft:air":0,"minecraft:oak_boat":4,"minecraft:lapis_lazuli":171,"minecraft:lapis_block":8,"iceandfire:armor_green_boots":1},"minecraft:custom":{"minecraft:interact_with_crafting_table":180,"minecraft:damage_blocked_by_shield":3159,"minecraft:play_time":2447713,"minecraft:deaths":102,"minecraft:jump":62195,"minecraft:interact_with_smoker":182,"minecraft:inspect_dispenser":2,"minecraft:interact_with_anvil":128,"minecraft:tune_noteblock":1,"minecraft:time_since_rest":67483,"twilightforest:life_charms_activated":1,"minecraft:swim_one_cm":520185,"minecraft:open_chest":1898,"minecraft:damage_resisted":214,"minecraft:talked_to_villager":24,"minecraft:interact_with_brewingstand":8,"minecraft:damage_dealt_resisted":6429,"minecraft:boat_one_cm":388726,"minecraft:damage_taken":2147483647,"minecraft:open_barrel":178,"goblintraders:trade_with_goblin":8,"minecraft:bell_ring":4,"minecraft:leave_game":21,"minecraft:time_since_death":66671,"minecraft:enchant_item":52,"minecraft:interact_with_furnace":112,"minecraft:traded_with_villager":73,"minecraft:sleep_in_bed":28,"minecraft:waystone_activated":17,"minecraft:damage_dealt":244194,"minecraft:interact_with_smithing_table":88,"minecraft:damage_dealt_absorbed":80,"minecraft:sneak_time":174869,"minecraft:interact_with_lectern":1,"minecraft:interact_with_blast_furnace":117,"minecraft:total_world_time":2447713,"minecraft:fly_one_cm":9445007,"minecraft:fall_one_cm":2158061,"minecraft:sprint_one_cm":7198239,"minecraft:drop":1842,"minecraft:walk_on_water_one_cm":239824,"minecraft:interact_with_loom":1,"minecraft:player_kills":7,"minecraft:crouch_one_cm":537501,"minecraft:mob_kills":1360,"minecraft:climb_one_cm":43942,"minecraft:walk_one_cm":4534562,"minecraft:strider_one_cm":10,"minecraft:walk_under_water_one_cm":222859,"minecraft:interact_with_grindstone":53,"minecraft:damage_absorbed":1788,"minecraft:trigger_trapped_chest":16},"minecraft:killed":{"born_in_chaos_v1:zombie_lumberjack":4,"undead_revamp2:theswarmer":2,"alexsmobs:leafcutter_ant":1,"deeperdarker:sculk_snapper":3,"alexsmobs:straddler":8,"born_in_chaos_v1:bone_imp":13,"minecraft:salmon":7,"stalwart_dungeons:giddy_blaze":20,"minecraft:iron_golem":3,"undead_revamp2:theheavy":1,"minecraft:zombie":59,"stalwart_dungeons:incomplete_wither":4,"iceandfire:sea_serpent":1,"born_in_chaos_v1:firelight":2,"iceandfire:siren":1,"minecraft:warden":1,"cataclysm:deepling_angler":4,"undead_revamp2:thesomnolence":14,"iceandfire:ghost":15,"cataclysm:ignis":3,"goblintraders:vein_goblin_trader":1,"cataclysm:coralssus":1,"deeperdarker:shriek_worm":4,"minecraft:zombified_piglin":17,"minecraft:witch":3,"minecraft:spider":6,"deeperdarker:sculk_leech":26,"minecraft:silverfish":6,"undead_revamp2:therod":1,"minecraft:piglin_brute":7,"minecraft:piglin":48,"born_in_chaos_v1:bonescaller":1,"minecraft:zombie_villager":12,"alexsmobs:stradpole":1,"undead_revamp2:thebeartamer":1,"alexsmobs:crimson_mosquito":8,"minecraft:sheep":2,"undead_revamp2:theordure":1,"undead_revamp2:thebidyupside":2,"born_in_chaos_v1:zombie_fisherman":1,"minecraft:ghast":1,"born_in_chaos_v1:siamese_skeletonsleft":2,"alexsmobs:bone_serpent":4,"undead_revamp2:thegliter":4,"minecraft:slime":13,"born_in_chaos_v1:zombie_bruiser":1,"minecraft:drowned":5,"born_in_chaos_v1:baby_skeleton":11,"stalwart_dungeons:reinforced_blaze":377,"born_in_chaos_v1:swarmer":2,"minecraft:hoglin":6,"cataclysm:deepling_priest":2,"minecraft:wither_skeleton":61,"minecraft:player":6,"deeperdarker:sculk_centipede":2,"alexsmobs:lobster":3,"minecraft:cave_spider":3,"born_in_chaos_v1:restless_spirit":4,"undead_revamp2:axestrom":3,"iceandfire:stymphalian_bird":1,"born_in_chaos_v1:siamese_skeletonsright":2,"born_in_chaos_v1:baby_skeleton_minion":1,"minecraft:skeleton":29,"alexsmobs:laviathan":1,"minecraft:magma_cube":52,"cataclysm:deepling":13,"born_in_chaos_v1:corpse_fly":12,"born_in_chaos_v1:door_knight":3,"undead_revamp2:thehunter":17,"quark:toretoise":1,"minecraft:zoglin":4,"stalwart_dungeons:nether_wart_cocoon":5,"undead_revamp2:thebidy":1,"born_in_chaos_v1:spiritof_chaos":1,"undead_revamp2:the_moonflower":36,"irons_spellbooks:citadel_keeper":2,"born_in_chaos_v1:decrepit_skeleton":8,"alexsmobs:catfish":1,"minecraft:enderman":3,"undead_revamp2:thewolf":1,"born_in_chaos_v1:zombie_clown":2,"alexsmobs:hummingbird":1,"stalwart_dungeons:awful_ghast":1,"undead_revamp2:thesmoker":3,"minecraft:turtle":1,"irons_spellbooks:summoned_skeleton":1,"undead_revamp2:crackleball":1,"born_in_chaos_v1:diamond_termite":8,"irons_spellbooks:necromancer":1,"minecraft:strider":3,"minecraft:creeper":3,"cataclysm:deepling_brute":4,"born_in_chaos_v1:dread_hound":2,"undead_revamp2:theskeeper":1,"minecraft:blaze":13,"cataclysm:ignited_revenant":1,"alexsmobs:dropbear":4,"born_in_chaos_v1:missioner":2,"born_in_chaos_v1:maggot":17,"minecraft:phantom":16,"iceandfire:fire_dragon":2,"deeperdarker:shattered":56,"cataclysm:lionfish":2,"undead_revamp2:thehorrors":2,"alexsmobs:skreecher":2,"alexsmobs:frilled_shark":1,"undead_revamp2:sucker":19,"born_in_chaos_v1:fallen_chaos_knight":1,"quark:foxhound":4,"born_in_chaos_v1:nightmare_stalker":1},"minecraft:picked_up":{"waystones:warp_stone":1,"minecraft:smithing_table":2,"minecraft:lead":1,"minecraft:enchanted_book":17,"epicpaladins:arclight_hoe":1,"biomesoplenty:blood_bucket":2,"twigs:bloodstone":96,"minecraft:music_disc_cat":2,"minecraft:polished_blackstone_brick_stairs":10,"minecraft:string":39,"deeperdarker:grime_ball":37,"minecraft:diamond_leggings":3,"minecraft:polished_blackstone_brick_slab":4,"minecraft:polished_blackstone_stairs":10,"born_in_chaos_v1:shattered_skull":1,"minecraft:big_dripleaf":2,"mysticalagriculture:prosperity_shard":17,"minecraft:golden_axe":3,"mysticalagriculture:inferium_seeds":1,"mysticalagriculture:infusion_crystal":1,"deeperdarker:echo_log":1,"minecraft:golden_chestplate":5,"minecraft:stone_sword":1,"minecraft:polished_basalt":138,"supplementaries:ash":140,"minecraft:blaze_rod":934,"mysticalagriculture:enderman_seeds":1,"minecraft:iron_bars":1,"biomesoplenty:lavender":160,"minecraft:feather":11,"minecraft:water_bucket":2,"minecraft:flint":4,"irons_spellbooks:keeper_flamberge":2,"farmersdelight:tomato":2,"delightful:mini_melon":6,"mysticalagriculture:soulium_dust":71,"iceandfire:dragon_skull_fire":7,"iceandfire:stymphalian_bird_feather":8,"minecraft:polished_andesite":5,"minecraft:deepslate":6,"minecraft:lever":3,"minecraft:granite":123,"stalwart_dungeons:tungsten_leggings":1,"born_in_chaos_v1:rotten_fish":9,"minecraft:crimson_roots":4,"iceandfire:raw_silver":5,"minecraft:diamond_pickaxe":3,"minecraft:golden_pickaxe":1,"born_in_chaos_v1:seedof_chaos":1,"minecraft:leather_leggings":2,"born_in_chaos_v1:missionary_hat_helmet":1,"minecraft:cornflower":2,"minecraft:flint_and_steel":2,"born_in_chaos_v1:intoxicating_decoction":2,"minecraft:polished_blackstone_wall":18,"supplementaries:bomb":3,"minecraft:stripped_warped_stem":4,"minecraft:diamond_hoe":2,"minecraft:raw_gold_block":19,"farmersdelight:tomato_seeds":10,"born_in_chaos_v1:pieceofdarkmetal":20,"minecraft:diamond_chestplate":2,"minecraft:hay_block":18,"minecraft:cracked_deepslate_bricks":1,"born_in_chaos_v1:spiny_shell":1,"minecraft:polished_blackstone":13,"minecraft:mutton":11,"irons_spellbooks:ancient_knowledge_fragment":7,"minecraft:bone_block":95,"born_in_chaos_v1:monster_flesh":5,"minecraft:blackstone_slab":5,"alexsmobs:mosquito_proboscis":1,"deeperdarker:echo_soil":7,"minecraft:apple":1,"minecraft:warped_stem":1,"minecraft:gray_bed":27,"minecraft:polished_andesite_stairs":2,"minecraft:smooth_basalt":6,"minecraft:sweet_berries":3,"minecraft:cracked_nether_bricks":11,"minecraft:crying_obsidian":9,"villagersplus:oceanographer_table":1,"minecraft:leather_helmet":2,"minecraft:slime_ball":1,"deeperdarker:sculk_bone":151,"minecraft:polished_blackstone_brick_wall":6,"minecraft:baked_potato":249,"handcrafted:phantom_trophy":1,"minecraft:nether_brick_fence":8,"alexscaves:cave_tablet":2,"minecraft:gilded_blackstone":2,"minecraft:stone_brick_stairs":2,"minecraft:warped_stairs":4,"irons_spellbooks:heavy_chain_necklace":1,"epicpaladins:bloodstone_gem":10,"biomesoplenty:brimstone":3,"alexsmobs:dropbear_claw":3,"alexsmobs:blood_sac":3,"minecraft:comparator":2,"delightful:acorn":10,"twigs:pebble":28,"minecraft:cobblestone_slab":9,"minecraft:iron_pickaxe":2,"irons_spellbooks:inscription_table":2,"epicpaladins:arclight_gem":41,"cataclysm:chiseled_stone_brick_pillar":2,"twigs:silt_ball":24,"minecraft:crimson_button":1,"aether:golden_gloves":3,"minecraft:diorite":10,"quark:blossom_planks":17,"cataclysm:coral_chunk":1,"quark:ancient_tome":1,"deeperdarker:soul_dust":14,"minecraft:rotten_flesh":300,"irons_spellbooks:arcane_debris":3,"minecraft:deepslate_brick_stairs":2,"minecraft:blaze_powder":5,"minecraft:obsidian":49,"cataclysm:stone_pillar":1,"mysticalagriculture:enderman_essence":2,"minecraft:cobblestone":879,"minecraft:pink_petals":50,"deeperdarker:cobbled_sculk_stone":198,"minecraft:lilac":13,"minecraft:warped_fungus_on_a_stick":3,"minecraft:andesite":3,"minecraft:golden_leggings":3,"minecraft:potato":1864,"deeperdarker:echo_sapling":1,"stalwart_dungeons:awful_gun":1,"minecraft:dirt":40,"minecraft:name_tag":2,"minecraft:glass":2,"minecraft:bone":192,"minecraft:acacia_planks":4,"minecraft:bow":5,"minecraft:wheat_seeds":254,"minecraft:grindstone":3,"minecraft:mossy_stone_bricks":6,"quark:ancient_chest":7,"minecraft:nether_brick_stairs":26,"minecraft:mossy_cobblestone":4,"minecraft:soul_lantern":1,"waystones:waystone":9,"minecraft:crossbow":7,"minecraft:cracked_polished_blackstone_bricks":77,"minecraft:golden_apple":18,"minecraft:emerald":61,"minecraft:netherrack":13551,"born_in_chaos_v1:sea_terror_stomach":1,"minecraft:andesite_slab":2,"nethersdelight:hoglin_loin":7,"mysticalagriculture:soulstone":10,"born_in_chaos_v1:diamond_termite_shard":6,"mysticalagriculture:soulstone_cobble":276,"born_in_chaos_v1:river_mint":2,"deeperdarker:cobbled_gloomslate":34,"epicpaladins:bloodstone_pickaxe":1,"stalwart_dungeons:soul_bricks":173,"minecraft:chain":1,"minecraft:shield":4,"minecraft:moss_carpet":12,"undead_revamp2:bostroxset_chestplate":1,"alexsmobs:serrated_shark_tooth":1,"minecraft:polished_blackstone_bricks":276,"born_in_chaos_v1:charmof_endurance":2,"minecraft:weeping_vines":48,"minecraft:nether_bricks":184,"minecraft:ward_armor_trim_smithing_template":1,"minecraft:black_banner":1,"minecraft:nether_brick_wall":11,"born_in_chaos_v1:corpse_maggot":31,"minecraft:basalt":474,"minecraft:golden_carrot":31,"minecraft:leather":15,"quark:smithing_template_rune":1,"minecraft:crimson_fungus":1,"minecraft:yellow_bed":4,"minecraft:gunpowder":3,"minecraft:cooked_mutton":2,"minecraft:iron_ingot":103,"minecraft:cooked_chicken":1,"irons_spellbooks:cinder_essence":4,"iceandfire:fire_dragon_flesh":11,"minecraft:sculk_catalyst":1,"minecraft:warped_fungus":7,"minecraft:nether_quartz_ore":2,"iceandfire:ash":1,"minecraft:quartz":1080,"stalwart_dungeons:soul_tiles":19,"minecraft:amethyst_shard":90,"minecraft:soul_torch":11,"mysticalagriculture:soulium_seed_base":11,"minecraft:nether_brick_slab":10,"minecraft:spruce_door":1,"minecraft:chainmail_leggings":1,"minecraft:seagrass":2,"minecraft:iron_chestplate":1,"minecraft:chainmail_boots":2,"irons_spellbooks:affinity_ring":1,"cataclysm:abyss_eye":4,"spawnersplus:spawner_fragment":118,"minecraft:golden_sword":7,"minecraft:amethyst_block":50,"minecraft:soul_soil":31,"minecraft:red_nether_bricks":197,"biomesoplenty:tall_lavender":4,"mysticalagriculture:inferium_essence":565,"minecraft:gold_nugget":438,"minecraft:cobbled_deepslate":705,"born_in_chaos_v1:charmof_power":1,"minecraft:netherite_upgrade_smithing_template":6,"irons_spellbooks:blank_rune":3,"minecraft:enchanted_golden_apple":2,"minecraft:mangrove_log":3,"born_in_chaos_v1:pileof_dark_metal":1,"minecraft:cherry_log":1,"minecraft:warped_planks":4,"epicpaladins:moonlight_gem":50,"minecraft:chiseled_nether_bricks":5,"stalwart_dungeons:soul_magma_bricks":5,"biomesoplenty:rose_quartz_chunk":2,"iceandfire:fire_dragon_heart":2,"mysticalagriculture:prudentium_essence":1,"minecraft:netherite_chestplate":1,"minecraft:blackstone_stairs":2,"minecraft:birch_log":3,"minecraft:magma_block":165,"deeperdarker:gloomy_cactus":121,"minecraft:smoker":1,"cataclysm:coral_spear":2,"minecraft:disc_fragment_5":2,"minecraft:twisting_vines":16,"stalwart_dungeons:blaze_armor_scrap":573,"undead_revamp2:blacpetalblock":5,"minecraft:glowstone_dust":2,"minecraft:warped_wart_block":92,"epicpaladins:arclight_sword":6,"minecraft:dark_oak_log":1,"undead_revamp2:heavytooth":3,"minecraft:bundle":3,"minecraft:quartz_bricks":29,"dragonmounts:dragon_egg":5,"minecraft:bread":1,"minecraft:chainmail_helmet":1,"twigs:rhyolite":79,"minecraft:crafting_table":1,"minecraft:nether_wart":25,"iceandfire:witherbone":32,"irons_spellbooks:tarnished_helmet":1,"minecraft:red_bed":7,"minecraft:compass":1,"minecraft:cracked_stone_bricks":11,"minecraft:respawn_anchor":2,"quark:permafrost":3,"minecraft:iron_nugget":150,"minecraft:chest":1,"minecraft:egg":1,"minecraft:glow_item_frame":1,"deeperdarker:sculk_tendrils":288,"minecraft:carrot":16,"minecraft:redstone":82,"minecraft:prismarine_crystals":2,"minecraft:tnt":5,"minecraft:cooked_cod":6,"born_in_chaos_v1:wood_splitter_axe":1,"minecraft:peony":2,"minecraft:gold_ingot":9,"minecraft:glow_berries":33,"minecraft:white_wool":2,"minecraft:red_mushroom":1,"alexsmobs:skreecher_soul":1,"irons_spellbooks:silver_ring":3,"minecraft:filled_map":1,"philipsruins:dark_brick":1,"minecraft:oak_log":55,"minecraft:ancient_debris":13,"minecraft:blue_bed":1,"minecraft:kelp":2,"deeperdarker:warden_upgrade_smithing_template":2,"minecraft:stone_bricks":42,"minecraft:glass_bottle":5,"minecraft:iron_sword":2,"minecraft:sculk":7,"born_in_chaos_v1:ethereal_spirit":11,"minecraft:gravel":46,"minecraft:spruce_log":2,"cataclysm:flame_eye":9,"deeperdarker:sculk_stone":6,"minecraft:gray_wool":4,"mysticalagriculture:soul_jar":2,"minecraft:warped_roots":105,"minecraft:ender_pearl":22,"irons_spellbooks:scroll":8,"minecraft:chiseled_deepslate":1,"minecraft:wheat":20,"cataclysm:monstrous_horn":1,"minecraft:iron_trapdoor":4,"minecraft:nether_brick":65,"minecraft:potion":1,"minecraft:crimson_planks":19,"born_in_chaos_v1:black_argillite":104,"minecraft:raw_copper":4,"aether:diamond_gloves":1,"minecraft:smooth_stone_slab":1,"minecraft:iron_leggings":3,"minecraft:netherite_ingot":4,"minecraft:oak_sign":1,"stalwart_dungeons:tungsten_helmet":1,"irons_spellbooks:arcane_essence":31,"minecraft:deepslate_tiles":8,"minecraft:redstone_torch":5,"minecraft:calcite":11,"nethersdelight:hoglin_sirloin":13,"bygonenether:soul_stone":24,"delightful:green_tea_leaf":5,"minecraft:iron_boots":2,"minecraft:stick":2,"mysticalagriculture:imperium_essence":1,"minecraft:torch":137,"born_in_chaos_v1:flaming_evil_pumpkin":1,"born_in_chaos_v1:nightmare_claw":1,"cataclysm:athame":3,"supplementaries:antique_ink":7,"quark:blossom_chest":1,"undead_revamp2:arapholia":3,"minecraft:magma_cream":8,"minecraft:tuff":13,"supplementaries:flax_seeds":13,"undead_revamp2:huntereye":4,"minecraft:wither_skeleton_skull":9,"minecraft:lapis_lazuli":494,"born_in_chaos_v1:monster_skin":5,"minecraft:leather_boots":1,"irons_spellbooks:hogskin":3,"minecraft:raw_gold":45,"twigs:twig":14,"minecraft:oak_planks":29,"minecraft:black_terracotta":11,"irons_spellbooks:fireward_ring":1,"deeperdarker:sculk_vines":13,"minecraft:poisonous_potato":9,"minecraft:polished_blackstone_slab":1,"minecraft:sand":19,"minecraft:lily_of_the_valley":1,"born_in_chaos_v1:fire_dust":10,"minecraft:diamond":171,"minecraft:oak_sapling":15,"minecraft:nether_star":1,"undead_revamp2:bostroxingot":3,"minecraft:fishing_rod":2,"twigs:petrified_lichen":4,"minecraft:allium":5,"stalwart_dungeons:awful_crystal":4,"biomesoplenty:flesh":11,"minecraft:gold_block":65,"minecraft:iron_axe":1,"minecraft:item_frame":3,"minecraft:candle":59,"minecraft:echo_shard":6,"minecraft:oak_boat":1,"minecraft:phantom_membrane":18,"minecraft:raw_iron":103,"iceandfire:dragonbone":18,"iceandfire:dragonscales_green":23,"bygonenether:cobbled_blackstone":198,"minecraft:copper_ingot":4,"minecraft:bowl":1,"minecraft:quartz_pillar":3,"minecraft:arrow":87,"deeperdarker:sculk_gleam":19,"stalwart_dungeons:raw_tungsten":73,"minecraft:saddle":8,"born_in_chaos_v1:trident_hayfork":1,"born_in_chaos_v1:fused_bone":5,"minecraft:air":0,"minecraft:crimson_stem":2,"minecraft:glow_ink_sac":1,"minecraft:salmon":7,"cataclysm:ignitium_ingot":12,"minecraft:birch_planks":22,"iceandfire:ectoplasm":2,"minecraft:nether_wart_block":10,"minecraft:cobblestone_stairs":4,"irons_spellbooks:rare_ink":1,"iceandfire:tide_deepblue_leggings":1,"cataclysm:infernal_forge":1,"minecraft:red_nether_brick_stairs":3,"epicpaladins:arclight_pickaxe":1,"stalwart_dungeons:pusher":2,"minecraft:soul_sand":26,"iceandfire:sea_serpent_scales_deepblue":19,"minecraft:book":22,"stalwart_dungeons:transient_block_close":2,"born_in_chaos_v1:death_totem":2,"stalwart_dungeons:tungsten_ingot":2,"minecraft:dripstone_block":1,"biomesoplenty:porous_flesh":1,"minecraft:white_bed":8,"quark:oak_chest":2,"minecraft:green_carpet":3,"minecraft:spider_eye":2,"alexsmobs:raw_catfish":2,"minecraft:iron_helmet":3,"minecraft:coal":232},"minecraft:mined":{"minecraft:blackstone_stairs":3,"minecraft:white_bed":8,"irons_spellbooks:armor_pile":5,"minecraft:red_nether_bricks":131,"minecraft:granite":155,"deeperdarker:gloomy_grass":216,"quark:ancient_chest":9,"minecraft:nether_wart":6,"mysticalagriculture:inferium_ore":11,"minecraft:spawner":59,"minecraft:polished_blackstone_bricks":282,"quark:blossom_chest":1,"minecraft:magma_block":122,"biomesoplenty:tall_lavender":4,"minecraft:cobbled_deepslate":14,"minecraft:fire":557,"minecraft:deepslate_lapis_ore":3,"deeperdarker:sculk_stone_diamond_ore":41,"minecraft:nether_brick_stairs":30,"minecraft:twisting_vines":9,"deeperdarker:crystallized_amber":3,"minecraft:green_carpet":4,"biomesoplenty:jacaranda_leaves":3,"minecraft:kelp_plant":2,"minecraft:smoker":1,"minecraft:crimson_nylium":37,"deeperdarker:sculk_stone":152,"minecraft:powder_snow":21,"born_in_chaos_v1:infected_deepslate_diamond_ore":9,"minecraft:torch":13,"minecraft:white_stained_glass_pane":2,"minecraft:dead_bush":1,"minecraft:nether_brick_slab":6,"minecraft:amethyst_block":47,"minecraft:chain":1,"deeperdarker:sculk_stone_lapis_ore":29,"deeperdarker:sculk_jaw":9,"minecraft:grass":2014,"stalwart_dungeons:pusher":3,"minecraft:smooth_basalt":16,"minecraft:deepslate":868,"biomesoplenty:reed":3,"villagersplus:oceanographer_table":1,"minecraft:deepslate_tiles":9,"mysticalagriculture:soulstone":220,"minecraft:mossy_cobblestone":1,"minecraft:nether_brick_wall":10,"minecraft:purple_candle":1,"minecraft:redstone_wire":1,"minecraft:red_mushroom":1,"epicpaladins:deepslate_arclight_ore":27,"minecraft:andesite":4,"biomesoplenty:flesh":18,"deeperdarker:sculk_tendrils":41,"minecraft:cobblestone_slab":10,"minecraft:vine":2,"biomesoplenty:brimstone_bud":54,"minecraft:respawn_anchor":2,"deeperdarker:sculk_tendrils_plant":53,"biomesoplenty:barley":217,"quark:permafrost":4,"biomesoplenty:rose_quartz_cluster":1,"minecraft:bone_block":99,"minecraft:glass_pane":4,"minecraft:chiseled_nether_bricks":4,"minecraft:soul_sand":20,"quark:oak_chest":2,"minecraft:lily_of_the_valley":1,"minecraft:dandelion":1,"minecraft:cornflower":1,"minecraft:warped_roots":114,"minecraft:tall_grass":133,"minecraft:copper_ore":1,"farmersdelight:wild_tomatoes":9,"minecraft:deepslate_gold_ore":36,"minecraft:diorite":9,"stalwart_dungeons:tungsten_ore":2,"minecraft:warped_wart_block":124,"minecraft:cobblestone_wall":1,"minecraft:gravel":34,"minecraft:cobweb":5,"minecraft:polished_blackstone":17,"minecraft:stone_bricks":35,"minecraft:gold_ore":5,"minecraft:iron_trapdoor":2,"minecraft:fern":28,"mysticalagriculture:prudentium_farmland":1,"minecraft:budding_amethyst":5,"deeperdarker:sculk_vines_plant":22,"minecraft:cracked_polished_blackstone_bricks":141,"twigs:twig":2,"minecraft:polished_blackstone_brick_slab":4,"minecraft:gilded_blackstone":3,"quark:blaze_lantern":2,"minecraft:sculk_catalyst":141,"minecraft:iron_bars":3,"deeperdarker:infested_sculk":33,"biomesoplenty:medium_rose_quartz_bud":2,"minecraft:deepslate_redstone_ore":16,"minecraft:polished_blackstone_wall":12,"stalwart_dungeons:soul_tiles":31,"minecraft:wither_skeleton_wall_skull":3,"minecraft:nether_quartz_ore":565,"minecraft:oak_planks":3,"minecraft:wall_torch":17,"minecraft:cauldron":1,"minecraft:warped_nylium":128,"minecraft:warped_planks":5,"epicpaladins:deepslate_cryorium_ore":1,"minecraft:blue_ice":1,"born_in_chaos_v1:river_mint":2,"minecraft:tnt":5,"minecraft:smooth_stone_slab":1,"minecraft:oak_log":54,"minecraft:dirt":24,"mysticalagriculture:deepslate_prosperity_ore":2,"deeperdarker:gloomslate_iron_ore":3,"minecraft:dispenser":1,"minecraft:ancient_debris":11,"minecraft:crying_obsidian":5,"born_in_chaos_v1:infected_diamond_ore":4,"minecraft:chiseled_bookshelf":1,"minecraft:soul_campfire":1,"minecraft:cracked_nether_bricks":16,"minecraft:hay_block":18,"minecraft:raw_gold_block":18,"minecraft:nether_sprouts":30,"minecraft:polished_basalt":161,"minecraft:peony":2,"minecraft:gold_block":65,"minecraft:nether_brick_fence":7,"minecraft:bookshelf":3,"minecraft:deepslate_iron_ore":28,"deeperdarker:sculk_stone_gold_ore":1,"epicpaladins:deepslate_bloodstone_ore":3,"minecraft:basalt":602,"supplementaries:ashen_basalt":13,"twigs:roseate_seashell":1,"twigs:petrified_lichen":3,"minecraft:quartz_bricks":41,"minecraft:polished_blackstone_brick_stairs":6,"dragonmounts:dragon_egg":5,"minecraft:bubble_coral":3,"twigs:bloodstone":81,"minecraft:cherry_leaves":3,"minecraft:cracked_stone_bricks":6,"minecraft:mossy_stone_bricks":6,"deeperdarker:gloomy_geyser":67,"minecraft:stripped_warped_stem":3,"minecraft:black_terracotta":20,"biomesoplenty:brimstone":6,"minecraft:warped_stairs":4,"minecraft:obsidian":38,"biomesoplenty:burning_blossom":4,"biomesoplenty:bramble":2,"deeperdarker:echo_soil":6,"minecraft:horn_coral_fan":1,"biomesoplenty:eyebulb":3,"minecraft:deepslate_bricks":1,"minecraft:crimson_fungus":2,"minecraft:tall_seagrass":40,"minecraft:weeping_vines_plant":57,"epicpaladins:moonlight_ore":23,"minecraft:sticky_piston":1,"biomesoplenty:lavender":43,"minecraft:moss_carpet":13,"minecraft:sculk_shrieker":85,"minecraft:oak_sign":1,"minecraft:dirt_path":13,"minecraft:oak_stairs":1,"minecraft:small_amethyst_bud":1,"stalwart_dungeons:soul_magma_bricks":5,"minecraft:deepslate_brick_stairs":3,"minecraft:brown_mushroom":1,"quark:nether_brick_chest":1,"minecraft:red_bed":7,"minecraft:soul_fire":65,"biomesoplenty:blackstone_spines":11,"minecraft:amethyst_cluster":7,"irons_spellbooks:arcane_debris":3,"minecraft:polished_andesite_stairs":5,"mysticalagriculture:soulium_ore":12,"minecraft:wheat":1,"minecraft:lilac":14,"biomesoplenty:large_rose_quartz_bud":1,"minecraft:warped_fungus":3,"minecraft:stone_brick_stairs":2,"delightful:mini_melon":6,"deeperdarker:gloomy_cactus":1,"twigs:rhyolite":79,"mysticalagriculture:deepslate_inferium_ore":5,"epicpaladins:arclight_ore":13,"biomesoplenty:watergrass":4,"iceandfire:silver_ore":1,"stalwart_dungeons:soul_bricks":191,"deeperdarker:gloomslate_lapis_ore":43,"deeperdarker:gloomslate":29,"minecraft:nether_bricks":211,"minecraft:allium":9,"minecraft:crimson_roots":7,"born_in_chaos_v1:black_argillite":105,"handcrafted:phantom_trophy":1,"iceandfire:deepslate_silver_ore":2,"biomesoplenty:dead_grass":17,"minecraft:kelp":3,"biomesoplenty:dune_grass":2,"minecraft:black_stained_glass_pane":5,"deeperdarker:sculk_stone_iron_ore":2,"biomesoplenty:high_grass":132,"irons_spellbooks:inscription_table":1,"minecraft:smithing_table":2,"minecraft:comparator":2,"biomesoplenty:high_grass_plant":208,"minecraft:cracked_deepslate_bricks":1,"deeperdarker:sculk_vines":14,"minecraft:birch_leaves":1,"minecraft:quartz_pillar":2,"bygonenether:soul_stone":25,"minecraft:dripstone_block":1,"minecraft:deepslate_emerald_ore":3,"minecraft:large_amethyst_bud":5,"minecraft:spruce_planks":1,"minecraft:sculk_vein":3287,"mysticalagriculture:soulstone_cobble":7,"minecraft:cobblestone_stairs":3,"cataclysm:stone_pillar":1,"minecraft:grass_block":14,"deeperdarker:sculk_gleam":25,"minecraft:soul_soil":32,"biomesoplenty:pus_bubble":7,"biomesoplenty:blackstone_bulb":7,"biomesoplenty:bramble_leaves":24,"minecraft:glowstone":1,"minecraft:red_nether_brick_stairs":3,"minecraft:iron_ore":80,"quark:blossom_planks":1,"twigs:silt":6,"deeperdarker:sculk_grime":1,"minecraft:blackstone":187,"minecraft:twisting_vines_plant":6,"supplementaries:book_pile":2,"stalwart_dungeons:transient_block_close":2,"minecraft:soul_lantern":1,"deeperdarker:echo_leaves":10,"mysticalagriculture:inferium_crop":1,"minecraft:calcite":15,"minecraft:chest":1,"minecraft:cobblestone":43,"minecraft:grindstone":3,"minecraft:pink_petals":10,"minecraft:seagrass":30,"minecraft:nether_wart_block":3,"biomesoplenty:hair":8,"deeperdarker:gloomslate_diamond_ore":9,"minecraft:sand":21,"philipsruins:dark_brick":4,"minecraft:wither_skeleton_skull":2,"minecraft:netherrack":12423,"minecraft:oak_leaves":25,"minecraft:nether_gold_ore":38,"mysticalagriculture:prosperity_ore":8,"minecraft:tuff":21,"minecraft:red_carpet":1,"minecraft:candle":19,"minecraft:deepslate_diamond_ore":70,"minecraft:blackstone_wall":4,"biomesoplenty:bush":447,"minecraft:black_banner":1,"cataclysm:chiseled_stone_brick_pillar":3,"minecraft:weeping_vines":6,"minecraft:deepslate_brick_slab":2,"deeperdarker:gloomy_sculk":16685,"minecraft:carrots":2,"minecraft:chiseled_deepslate":1,"biomesoplenty:sea_oats":19,"minecraft:packed_ice":313,"minecraft:stone":1037,"minecraft:redstone_wall_torch":4,"minecraft:cyan_stained_glass_pane":3,"minecraft:blackstone_slab":8,"minecraft:light_gray_wall_banner":1,"minecraft:sculk_sensor":647,"biomesoplenty:sprout":104,"minecraft:sculk":36623,"minecraft:blue_bed":1,"supplementaries:urn":81,"minecraft:gray_wool":4,"minecraft:polished_blackstone_stairs":8,"minecraft:sweet_berry_bush":1,"minecraft:gray_bed":27,"minecraft:yellow_bed":4,"minecraft:coal_ore":118,"minecraft:polished_andesite":9},"minecraft:used":{"minecraft:rotten_flesh":6,"minecraft:soul_sand":9,"minecraft:weeping_vines":1,"cataclysm:infernal_forge":178,"minecraft:lava_bucket":1,"minecraft:quartz_block":36,"delightful:green_tea_leaf":3,"minecraft:bow":1281,"minecraft:oak_sapling":2,"minecraft:cooked_cod":6,"biomesoplenty:flesh":1,"stalwart_dungeons:tungsten_chestplate":1,"minecraft:mossy_stone_bricks":6,"minecraft:golden_apple":42,"minecraft:glow_berries":2,"stalwart_dungeons:soul_bricks":137,"born_in_chaos_v1:monster_flesh":3,"minecraft:nether_wart_block":8,"deeperdarker:cobbled_gloomslate":14,"minecraft:smithing_table":1,"minecraft:oak_boat":4,"minecraft:enchanting_table":1,"born_in_chaos_v1:ethereal_spirit":2,"minecraft:polished_blackstone_wall":1,"minecraft:torch":483,"bygonenether:soul_stone":10,"minecraft:diamond_chestplate":7,"minecraft:basalt":288,"minecraft:warped_stairs":4,"iceandfire:armor_green_boots":1,"biomesoplenty:blood_bucket":126,"quark:blossom_planks":24,"minecraft:warped_stem":1,"minecraft:red_bed":7,"minecraft:white_bed":6,"stalwart_dungeons:tungsten_leggings":3,"minecraft:diamond_pickaxe":2453,"mysticalagriculture:soulstone_cobble":83,"minecraft:green_carpet":3,"minecraft:enchanted_book":1,"minecraft:potion":5,"minecraft:cooked_porkchop":11,"quark:oak_chest":6,"minecraft:diamond_leggings":7,"epicpaladins:bloodstone_pickaxe":1915,"minecraft:moss_carpet":1,"minecraft:polished_basalt":72,"minecraft:obsidian":38,"minecraft:raw_gold_block":2,"minecraft:golden_sword":6,"minecraft:gold_block":6,"minecraft:diamond_boots":11,"minecraft:wither_skeleton_skull":5,"minecraft:oak_planks":64,"minecraft:netherite_leggings":1,"undead_revamp2:bostroxset_chestplate":1,"minecraft:lingering_potion":1,"minecraft:black_terracotta":11,"waystones:waystone":9,"minecraft:bread":104,"nethersdelight:hoglin_sirloin":2,"iceandfire:dragon_skull_fire":6,"born_in_chaos_v1:river_mint":2,"minecraft:bone_meal":1496,"minecraft:flint_and_steel":35,"minecraft:redstone":1,"minecraft:dried_kelp":7,"minecraft:dirt":74,"iceandfire:tide_deepblue_leggings":5,"minecraft:golden_chestplate":8,"delightful:roasted_acorn":3,"dragonmounts:dragon_egg":7,"minecraft:iron_boots":3,"minecraft:soul_soil":6,"minecraft:enchanted_golden_apple":2,"minecraft:iron_leggings":2,"born_in_chaos_v1:trident_hayfork":2,"cataclysm:ignitium_boots":1,"minecraft:baked_potato":973,"minecraft:red_nether_bricks":78,"minecraft:birch_boat":1,"deeperdarker:echo_soil":4,"minecraft:warped_roots":39,"cataclysm:bulwark_of_the_flame":48,"minecraft:warped_planks":16,"iceandfire:ash":1,"minecraft:golden_leggings":1,"minecraft:pink_petals":13,"minecraft:crimson_fungus":1,"alexsmobs:animal_dictionary":2,"minecraft:sculk_catalyst":7,"irons_spellbooks:inscription_table":2,"minecraft:peony":1,"minecraft:polished_blackstone":2,"minecraft:chest":3,"minecraft:allium":2,"epicpaladins:arclight_sword":3611,"supplementaries:bomb_blue":3,"supplementaries:ash":14,"minecraft:furnace":3,"minecraft:egg":1,"deeperdarker:sculk_tendrils":17,"minecraft:potato":35,"minecraft:diorite":8,"minecraft:warped_fungus_on_a_stick":18,"villagersplus:alchemist_table":1,"minecraft:respawn_anchor":1,"biomesoplenty:rainbow_birch_sapling":1,"minecraft:deepslate_tiles":1,"minecraft:crying_obsidian":1,"stalwart_dungeons:warted_tungsten_chestplate":2,"minecraft:lilac":3,"minecraft:soul_lantern":1,"minecraft:fire_charge":1,"twigs:bloodstone":50,"minecraft:iron_bars":1,"minecraft:stripped_warped_stem":1,"minecraft:netherrack":5952,"minecraft:warped_wart_block":74,"minecraft:anvil":1,"iceandfire:copper_sword":23,"villagersplus:oceanographer_table":2,"minecraft:twisting_vines":14,"minecraft:nether_brick_slab":5,"minecraft:nether_brick_stairs":2,"minecraft:iron_axe":61,"biomesoplenty:tall_lavender":1,"stalwart_dungeons:soul_magma_bricks":1,"minecraft:totem_of_undying":1,"undead_revamp2:huntereye":1,"minecraft:smooth_basalt":1,"minecraft:cobbled_deepslate":257,"minecraft:water_bucket":352,"minecraft:nether_brick_wall":1,"minecraft:polished_blackstone_bricks":185,"minecraft:cracked_stone_bricks":1,"deeperdarker:cobbled_sculk_stone":39,"minecraft:comparator":2,"minecraft:tnt":5,"minecraft:crafting_table":7,"supplementaries:bomb":15,"minecraft:oak_log":1,"epicpaladins:arclight_pickaxe":12998,"minecraft:cornflower":2,"minecraft:iron_pickaxe":700,"deeperdarker:sculk_stone":2,"minecraft:cobblestone":286,"irons_spellbooks:arcane_anvil":1,"quark:ancient_tome":1,"minecraft:diamond_hoe":51799,"minecraft:oak_sign":2,"born_in_chaos_v1:intoxicating_decoction":1,"minecraft:shield":6,"minecraft:iron_sword":317,"minecraft:sculk_sensor":12,"minecraft:iron_chestplate":1,"minecraft:nether_bricks":55,"minecraft:carrot":24,"minecraft:tuff":3,"mysticalagriculture:inferium_seeds":1,"born_in_chaos_v1:corpse_maggot":4,"farmersdelight:tomato":2,"minecraft:stone_bricks":1,"farmersdelight:cutting_board":1,"minecraft:magma_block":18,"minecraft:warped_fungus":1,"epicpaladins:arclight_hoe":6244,"minecraft:gray_bed":27,"deeperdarker:gloomy_cactus":2,"bygonenether:cobbled_blackstone":117,"minecraft:golden_boots":2,"minecraft:ender_pearl":14,"biomesoplenty:lavender":6,"minecraft:blue_bed":1,"epicpaladins:moonlight_pickaxe":2082,"minecraft:redstone_torch":4,"minecraft:melon_slice":12,"minecraft:string":1,"minecraft:gravel":3,"born_in_chaos_v1:smoked_monster_flesh":1,"minecraft:golden_helmet":6,"minecraft:blackstone_slab":1,"minecraft:grindstone":3,"minecraft:andesite":1,"minecraft:air":1,"minecraft:experience_bottle":11,"minecraft:sculk":19,"twigs:rhyolite":1,"minecraft:diamond_helmet":6,"minecraft:granite":4,"minecraft:bookshelf":2,"minecraft:polished_blackstone_brick_stairs":3,"cataclysm:abyss_eye":3,"minecraft:golden_carrot":45,"deeperdarker:sculk_gleam":5,"minecraft:cooked_mutton":2,"nethersdelight:hoglin_loin":2,"minecraft:amethyst_block":7,"minecraft:netherite_chestplate":6,"stalwart_dungeons:warted_tungsten_leggings":1,"handcrafted:phantom_trophy":2,"minecraft:chiseled_nether_bricks":3,"minecraft:cobblestone_slab":103,"minecraft:glow_item_frame":1,"farmersdelight:onion":26,"born_in_chaos_v1:flaming_evil_pumpkin":1,"minecraft:smoker":3,"delightful:mini_melon":2,"minecraft:cracked_polished_blackstone_bricks":61,"minecraft:cracked_nether_bricks":5,"twigs:twig":1,"irons_spellbooks:keeper_flamberge":1,"stalwart_dungeons:soul_tiles":10,"cataclysm:flame_eye":8,"minecraft:bucket":477,"born_in_chaos_v1:wood_splitter_axe":4,"minecraft:yellow_bed":4,"minecraft:splash_potion":4,"minecraft:soul_torch":2,"minecraft:chainmail_leggings":1},"minecraft:dropped":{"minecraft:iron_sword":4,"minecraft:porkchop":6,"irons_spellbooks:rare_ink":2,"minecraft:respawn_anchor":1,"quark:permafrost":3,"minecraft:lapis_lazuli":129,"minecraft:glow_ink_sac":1,"minecraft:glass_bottle":10,"minecraft:diamond":15,"minecraft:crafting_table":2,"minecraft:warped_fungus_on_a_stick":3,"minecraft:weeping_vines":47,"minecraft:glow_berries":78,"minecraft:warped_roots":56,"iceandfire:ectoplasm":2,"minecraft:cracked_stone_bricks":10,"born_in_chaos_v1:missionary_hat_helmet":1,"minecraft:quartz_pillar":3,"minecraft:blackstone_stairs":2,"nethersdelight:hoglin_loin":5,"minecraft:red_mushroom":1,"minecraft:emerald":20,"minecraft:gold_block":5,"irons_spellbooks:silver_ring":4,"irons_spellbooks:cinder_essence":3,"minecraft:gold_nugget":428,"minecraft:sand":3,"undead_revamp2:blacpetalblock":5,"minecraft:fermented_spider_eye":1,"minecraft:fishing_rod":2,"minecraft:white_wool":3,"spawnersplus:spawner_fragment":95,"deeperdarker:sculk_tendrils":189,"epicpaladins:arclight_sword":6,"undead_revamp2:huntereye":2,"minecraft:compass":3,"minecraft:ancient_debris":1,"irons_spellbooks:blank_rune":2,"minecraft:iron_nugget":168,"minecraft:cooked_chicken":1,"minecraft:cobbled_deepslate":414,"cataclysm:chiseled_stone_brick_pillar":2,"alexscaves:cave_tablet":2,"minecraft:wheat":15,"minecraft:obsidian":23,"undead_revamp2:arapholia":2,"minecraft:rotten_flesh":330,"deeperdarker:sculk_gleam":14,"minecraft:oak_planks":53,"minecraft:glowstone_dust":2,"minecraft:quartz_bricks":8,"minecraft:nether_brick_fence":8,"alexsmobs:blood_sac":3,"mysticalagriculture:inferium_essence":188,"minecraft:leather_boots":1,"minecraft:leather_leggings":2,"minecraft:red_nether_bricks":115,"quark:smithing_template_rune":3,"minecraft:glass":4,"minecraft:beef":2,"minecraft:warped_wart_block":18,"minecraft:stone_brick_stairs":2,"stalwart_dungeons:tungsten_ingot":2,"biomesoplenty:tall_lavender":3,"minecraft:golden_boots":1,"born_in_chaos_v1:shattered_skull":1,"minecraft:wheat_seeds":255,"minecraft:prismarine_crystals":2,"minecraft:book":46,"stalwart_dungeons:awful_gun":1,"bygonenether:cobbled_blackstone":78,"minecraft:diamond_horse_armor":3,"stalwart_dungeons:soul_bricks":24,"minecraft:gray_wool":4,"mysticalagriculture:enderman_essence":2,"minecraft:lodestone":1,"biomesoplenty:brimstone":3,"bygonenether:soul_stone":14,"minecraft:chainmail_leggings":3,"born_in_chaos_v1:flaming_evil_pumpkin":1,"minecraft:acacia_planks":4,"twigs:rhyolite":84,"cataclysm:flame_eye":2,"minecraft:soul_soil":18,"minecraft:stone_shovel":24,"minecraft:iron_boots":3,"minecraft:name_tag":2,"minecraft:oak_sign":2,"undead_revamp2:heavytooth":1,"minecraft:peony":1,"minecraft:bundle":2,"minecraft:diamond_pickaxe":3,"minecraft:redstone_torch":1,"minecraft:stone_bricks":42,"minecraft:bow":4,"minecraft:magma_block":140,"stalwart_dungeons:raw_tungsten":3,"minecraft:nether_brick_stairs":21,"minecraft:soul_sand":15,"minecraft:candle":27,"stalwart_dungeons:soul_magma_bricks":2,"minecraft:warped_fungus":5,"minecraft:oak_log":1,"minecraft:golden_pickaxe":1,"minecraft:leather":15,"minecraft:honeycomb":10,"minecraft:polished_blackstone_brick_wall":6,"minecraft:black_banner":1,"minecraft:raw_gold_block":16,"farmersdelight:rice":2,"minecraft:music_disc_13":1,"minecraft:cobblestone_stairs":7,"minecraft:cracked_polished_blackstone_bricks":5,"minecraft:dark_oak_log":1,"born_in_chaos_v1:monster_skin":1,"irons_spellbooks:hogskin":3,"minecraft:mutton":6,"minecraft:snowball":49,"minecraft:gold_ingot":16,"stalwart_dungeons:tungsten_leggings":1,"minecraft:twisting_vines":2,"minecraft:andesite_slab":1,"minecraft:beetroot":3,"patchouli:guide_book":1,"supplementaries:antique_ink":13,"waystones:warp_stone":1,"minecraft:mangrove_log":3,"born_in_chaos_v1:diamond_termite_shard":1,"stalwart_dungeons:pusher":2,"biomesoplenty:flesh":10,"minecraft:cracked_nether_bricks":6,"minecraft:splash_potion":2,"minecraft:stone_hoe":12,"deeperdarker:cobbled_gloomslate":27,"minecraft:bread":27,"minecraft:golden_helmet":5,"minecraft:cherry_log":1,"minecraft:lilac":10,"deeperdarker:sculk_bone":69,"minecraft:golden_axe":3,"minecraft:amethyst_block":17,"cataclysm:stone_pillar":1,"mysticalagriculture:soulium_dust":57,"deeperdarker:echo_sapling":1,"irons_spellbooks:scroll":3,"minecraft:nether_wart_block":2,"alexsmobs:dropbear_claw":3,"born_in_chaos_v1:fused_bone":4,"minecraft:polished_andesite_stairs":2,"minecraft:polished_blackstone_brick_slab":4,"mysticalagriculture:prosperity_shard":3,"irons_spellbooks:common_ink":6,"minecraft:polished_basalt":54,"epicpaladins:arclight_gem":30,"minecraft:polished_deepslate":6,"minecraft:kelp":2,"minecraft:sweet_berries":3,"cataclysm:ignitium_ingot":2,"irons_spellbooks:keeper_flamberge":1,"deeperdarker:sculk_vines":11,"undead_revamp2:bostroxingot":3,"minecraft:flint_and_steel":4,"aether:diamond_gloves":3,"minecraft:andesite":2,"born_in_chaos_v1:spiny_shell":1,"minecraft:golden_leggings":4,"minecraft:oak_sapling":12,"minecraft:spruce_log":2,"minecraft:magma_cream":8,"iceandfire:raw_silver":2,"irons_spellbooks:fireward_ring":2,"minecraft:crossbow":6,"minecraft:saddle":8,"irons_spellbooks:tarnished_helmet":1,"minecraft:leather_helmet":2,"twigs:pebble":28,"born_in_chaos_v1:monster_flesh":2,"minecraft:dirt":32,"irons_spellbooks:arcane_essence":7,"minecraft:chain":1,"minecraft:phantom_membrane":22,"minecraft:iron_pickaxe":4,"minecraft:polished_blackstone_slab":1,"born_in_chaos_v1:death_totem":1,"mysticalagriculture:soulstone_cobble":175,"quark:oak_chest":2,"quark:ancient_tome":1,"minecraft:bone":82,"minecraft:polished_blackstone_wall":17,"minecraft:golden_chestplate":10,"minecraft:nether_brick":39,"aether:golden_gloves":2,"quark:ancient_chest":7,"minecraft:white_bed":2,"minecraft:chiseled_deepslate":1,"quark:blossom_chest":1,"supplementaries:flax_seeds":16,"minecraft:deepslate_tiles":7,"farmersdelight:rope":7,"deeperdarker:grime_ball":37,"minecraft:crying_obsidian":8,"minecraft:ghast_tear":1,"farmersdelight:tomato_seeds":10,"minecraft:enchanted_book":8,"minecraft:iron_ingot":29,"born_in_chaos_v1:intoxicating_decoction":1,"minecraft:chiseled_nether_bricks":2,"minecraft:polished_blackstone":11,"biomesoplenty:lavender":153,"minecraft:iron_helmet":3,"minecraft:feather":11,"minecraft:cobblestone":200,"epicpaladins:bloodstone_pickaxe":1,"minecraft:granite":65,"deeperdarker:echo_soil":3,"minecraft:spruce_door":1,"minecraft:disc_fragment_5":9,"minecraft:chainmail_helmet":3,"minecraft:coal":9,"minecraft:polished_blackstone_stairs":10,"minecraft:polished_andesite":5,"stalwart_dungeons:blaze_armor_scrap":570,"minecraft:iron_trapdoor":4,"twigs:silt_ball":24,"minecraft:diamond_helmet":2,"mysticalagriculture:infusion_crystal":1,"delightful:acorn":11,"stalwart_dungeons:tungsten_boots":1,"minecraft:string":36,"stalwart_dungeons:soul_tiles":9,"iceandfire:dragon_skull_fire":1,"minecraft:furnace":1,"minecraft:moss_carpet":11,"minecraft:soul_torch":15,"minecraft:stone_sword":2,"minecraft:smooth_stone_slab":1,"minecraft:bowl":1,"minecraft:deepslate":6,"minecraft:diamond_hoe":1,"born_in_chaos_v1:rotten_fish":12,"deeperdarker:gloomy_cactus":119,"minecraft:stone_slab":6,"minecraft:nether_bricks":62,"deeperdarker:echo_log":1,"minecraft:lily_of_the_valley":1,"minecraft:big_dripleaf":2,"minecraft:potato":68,"minecraft:cobblestone_slab":2,"minecraft:hay_block":1,"minecraft:stone":1,"mysticalagriculture:soulstone":10,"minecraft:allium":3,"deeperdarker:soul_dust":8,"minecraft:spider_eye":3,"waystones:waystone":1,"epicpaladins:moonlight_pickaxe":2,"minecraft:birch_planks":2,"minecraft:baked_potato":128,"deeperdarker:sculk_stone":4,"minecraft:netherite_upgrade_smithing_template":3,"biomesoplenty:rose_quartz_chunk":2,"biomesoplenty:porous_flesh":1,"minecraft:flint":3,"minecraft:netherite_scrap":4,"minecraft:polished_blackstone_brick_stairs":5,"minecraft:crimson_roots":4,"minecraft:seagrass":2,"minecraft:gilded_blackstone":1,"minecraft:amethyst_shard":64,"minecraft:polished_blackstone_bricks":61,"minecraft:birch_log":2,"twigs:twig":17,"minecraft:gravel":43,"iceandfire:stymphalian_bird_feather":8,"mysticalagriculture:enderman_seeds":1,"born_in_chaos_v1:fire_dust":10,"born_in_chaos_v1:ethereal_spirit":1,"minecraft:carrot":16,"minecraft:chainmail_chestplate":1,"supplementaries:ash":102,"minecraft:gunpowder":18,"born_in_chaos_v1:corpse_maggot":28,"irons_spellbooks:arcane_debris":3,"minecraft:chest":1,"minecraft:chainmail_boots":3,"epicpaladins:arclight_pickaxe":4,"minecraft:blackstone_slab":4,"minecraft:basalt":156,"minecraft:arrow":70,"minecraft:quartz":938,"minecraft:netherrack":6673,"epicpaladins:moonlight_gem":38,"minecraft:mossy_cobblestone":4,"minecraft:smithing_table":1,"quark:blossom_planks":11,"minecraft:diamond_leggings":3,"minecraft:poisonous_potato":9,"dragonmounts:dragon_egg":1,"minecraft:lead":1,"minecraft:spectral_arrow":1,"delightful:green_tea_leaf":4,"minecraft:nether_brick_wall":10,"biomesoplenty:blood_bucket":1,"minecraft:copper_ingot":5,"stalwart_dungeons:awful_crystal":4,"minecraft:stick":8,"twigs:bloodstone":42,"minecraft:deepslate_brick_stairs":2,"iceandfire:tide_deepblue_leggings":1,"irons_spellbooks:affinity_ring":2,"minecraft:diorite":2,"cataclysm:coral_chunk":1,"minecraft:torch":1,"stalwart_dungeons:tungsten_helmet":1,"minecraft:iron_leggings":7,"born_in_chaos_v1:lifestealer_bone":3,"minecraft:iron_axe":2,"minecraft:pink_petals":37,"minecraft:bucket":2,"minecraft:music_disc_cat":2,"minecraft:dandelion":2,"minecraft:smooth_basalt":5,"minecraft:redstone":6,"minecraft:nether_brick_slab":4,"nethersdelight:hoglin_sirloin":1,"twigs:petrified_lichen":4,"minecraft:nether_wart":26,"minecraft:blaze_rod":868,"minecraft:raw_copper":4,"minecraft:tuff":10,"minecraft:raw_iron":4,"iceandfire:witherbone":30,"epicpaladins:bloodstone_gem":3,"minecraft:wither_skeleton_skull":1,"minecraft:smoker":1,"minecraft:red_nether_brick_stairs":3,"minecraft:crimson_button":1,"minecraft:filled_map":1,"irons_spellbooks:frostward_ring":1,"undead_revamp2:bostroxset_chestplate":1,"minecraft:shield":3,"iceandfire:copper_sword":1,"minecraft:diamond_chestplate":6,"minecraft:iron_chestplate":2,"minecraft:oak_boat":1,"minecraft:golden_sword":7,"minecraft:slime_ball":6,"minecraft:raw_gold":5,"minecraft:nether_quartz_ore":2,"minecraft:cracked_deepslate_bricks":1,"minecraft:calcite":2,"deeperdarker:cobbled_sculk_stone":161}},"DataVersion":3465}