{"stats":{"minecraft:picked_up":{"minecraft:wheat_seeds":3,"minecraft:sunflower":1},"minecraft:custom":{"minecraft:jump":51,"minecraft:time_since_rest":1546,"minecraft:damage_dealt":35,"minecraft:leave_game":1,"minecraft:sprint_one_cm":4944,"minecraft:play_time":1546,"minecraft:time_since_death":1546,"minecraft:walk_one_cm":2551,"minecraft:total_world_time":1546,"minecraft:fall_one_cm":1583,"minecraft:drop":4,"minecraft:fly_one_cm":14180},"minecraft:mined":{"minecraft:grass":10},"minecraft:dropped":{"minecraft:sunflower":1,"minecraft:wheat_seeds":3}},"DataVersion":3465}