{"stats":{"minecraft:killed_by":{"undead_revamp2:the_moonflower":2,"irons_spellbooks:pyromancer":1,"alexsmobs:straddler":1,"minecraft:magma_cube":1,"minecraft:zombie":12,"born_in_chaos_v1:scarlet_persecutor":1,"born_in_chaos_v1:lifestealer_true_form":1,"minecraft:zombified_piglin":1,"iceandfire:fire_dragon":1,"deeperdarker:shattered":1,"undead_revamp2:thehunter":1,"minecraft:skeleton":2,"alexsmobs:crimson_mosquito":1,"born_in_chaos_v1:nightmare_stalker":2,"minecraft:zoglin":1,"irons_spellbooks:citadel_keeper":2,"born_in_chaos_v1:supreme_bonescaller_not_despawn":1,"minecraft:stray":2,"cataclysm:netherite_monstrosity":1,"undead_revamp2:thebeartamer":2,"undead_revamp2:sucker":1,"minecraft:player":7,"minecraft:enderman":1,"cataclysm:ignis":17,"born_in_chaos_v1:door_knight":1},"minecraft:broken":{"aether:golden_gloves":1,"minecraft:iron_leggings":1,"epicpaladins:bloodstone_hoe":4,"minecraft:diamond_leggings":1,"stalwart_dungeons:tungsten_axe":1,"stalwart_dungeons:tungsten_leggings":1,"stalwart_dungeons:tungsten_boots":2,"minecraft:diamond_boots":2,"epicpaladins:bloodstone_pickaxe":4,"minecraft:iron_boots":2,"minecraft:iron_chestplate":1,"stalwart_dungeons:tungsten_chestplate":2,"minecraft:chainmail_boots":1,"minecraft:iron_sword":1,"minecraft:iron_axe":1,"minecraft:iron_helmet":2,"minecraft:golden_helmet":1,"iceandfire:tide_deepblue_helmet":1,"minecraft:golden_leggings":1,"minecraft:wooden_axe":1},"minecraft:crafted":{"mysticalagriculture:soul_jar":5,"mysticalagriculture:soulium_ingot":13,"quark:birch_chest":1,"minecraft:birch_boat":1,"minecraft:blaze_powder":26,"minecraft:nether_brick":38,"patchouli:guide_book":1,"delightful:roasted_acorn":3,"mysticalagriculture:soulium_seed_base":4,"minecraft:diamond_helmet":1,"mysticalagriculture:tertium_gemstone":4,"minecraft:soul_soil":3,"mysticalagriculture:supremium_essence":4,"waystones:warp_stone":3,"mysticalagriculture:soulium_dagger":3,"cataclysm:abyss_eye":1,"minecraft:golden_leggings":1,"quark:torch_arrow":1,"naturescompass:naturescompass":1,"quark:oak_chest":39,"minecraft:iron_pickaxe":4,"irons_spellbooks:mana_ring":1,"minecraft:netherite_ingot":22,"mysticalagriculture:infusion_crystal":1,"minecraft:golden_carrot":167,"iceandfire:tide_deepblue_boots":1,"mysticalagriculture:inferium_furnace":1,"born_in_chaos_v1:smoked_monster_flesh":21,"mysticalagriculture:soulstone_smooth":95,"minecraft:lead":2,"iceandfire:tide_deepblue_helmet":1,"cataclysm:monstrous_eye":1,"epicpaladins:cryorium_axe":1,"stalwart_dungeons:tungsten_shield":1,"minecraft:warped_fungus_on_a_stick":1,"epicpaladins:bloodstone_hoe":4,"mysticalagriculture:mystical_fertilizer":144,"minecraft:cooked_chicken":2,"minecraft:stone":33,"epicpaladins:arclight_pickaxe":1,"aether:golden_gloves":1,"born_in_chaos_v1:dark_metal_ingot":5,"minecraft:warped_planks":80,"minecraft:bow":2,"minecraft:ender_eye":3,"minecraft:stone_bricks":16,"minecraft:oak_fence":3,"born_in_chaos_v1:pileof_dark_metal":4,"epicpaladins:arclight_hoe":2,"mysticalagriculture:inferium_gemstone":2,"minecraft:iron_helmet":8,"minecraft:red_wool":10,"minecraft:stick":508,"minecraft:iron_ingot":330,"mysticalagriculture:imperium_essence":22,"epicpaladins:bloodstone_shovel":1,"minecraft:fishing_rod":1,"mysticalagriculture:infusion_pedestal":8,"mysticalagriculture:inferium_growth_accelerator":3,"minecraft:furnace":5,"mysticalagriculture:prosperity_ingot":19,"minecraft:blast_furnace":1,"born_in_chaos_v1:nightmare_mantleofthe_night_helmet":1,"minecraft:flint_and_steel":1,"minecraft:netherite_chestplate":1,"mysticalagriculture:inferium_block":1,"mysticalagriculture:tertium_growth_accelerator":6,"epicpaladins:moonlight_template":1,"stalwart_dungeons:tungsten_boots":3,"backpacked:backpack":1,"mysticalagriculture:prudentium_essence":760,"cataclysm:flame_eye":1,"minecraft:iron_sword":4,"minecraft:cooked_salmon":24,"minecraft:mangrove_planks":8,"stalwart_dungeons:tungsten_chestplate":3,"epicpaladins:moonlight_glaive":1,"epicpaladins:bloodstone_pickaxe":11,"mysticalagriculture:infusion_altar":1,"minecraft:anvil":1,"mysticalagriculture:soul_glass":15,"cataclysm:ignitium_boots":1,"minecraft:torch":944,"minecraft:diamond_chestplate":3,"minecraft:smooth_stone":3,"mysticalagriculture:soul_dust":83,"born_in_chaos_v1:death_totem":2,"minecraft:oak_pressure_plate":1,"waystones:waystone":1,"minecraft:cooked_mutton":6,"undead_revamp2:bostroxset_chestplate":1,"minecraft:glass":87,"minecraft:diamond_leggings":3,"mysticalagriculture:machine_frame":1,"epicpaladins:moonlight_sword":1,"minecraft:glass_bottle":9,"minecraft:deepslate":4,"minecraft:emerald":7,"minecraft:cooked_porkchop":1,"minecraft:diamond_axe":1,"farmersdelight:smoked_ham":2,"born_in_chaos_v1:smoked_flesh":44,"minecraft:compass":1,"minecraft:iron_block":7,"minecraft:gold_ingot":1349,"farmersdelight:cooked_bacon":11,"irons_spellbooks:arcane_ingot":4,"mysticalagriculture:inferium_farmland":11,"mysticalagriculture:prosperity_block":2,"minecraft:bone_meal":550,"quark:blossom_chest":7,"mysticalagriculture:inferium_ingot":2,"minecraft:diamond":56,"minecraft:ender_pearl":72,"minecraft:diamond_boots":5,"epicpaladins:cryorium_pickaxe":2,"minecraft:golden_helmet":2,"minecraft:wheat":189,"mysticalagriculture:inferium_seeds":38,"deeperdarker:sculk_stone":16,"minecraft:glowstone":14,"mysticalagriculture:prosperity_gemstone":8,"minecraft:golden_apple":96,"minecraft:blackstone":8,"minecraft:wooden_axe":2,"minecraft:iron_leggings":8,"minecraft:white_bed":1,"cataclysm:ignitium_upgrade_smithing_template":1,"mysticalagriculture:upgrade_base":1,"minecraft:oak_planks":1460,"stalwart_dungeons:tungsten_helmet":2,"mysticalagriculture:prosperity_seed_base":5,"minecraft:iron_boots":10,"mysticalagriculture:tertium_essence":171,"mysticalagriculture:soul_extractor":1,"minecraft:stone_hoe":1,"minecraft:golden_sword":3,"minecraft:smoker":1,"minecraft:oak_slab":54,"quark:blossom_planks":184,"born_in_chaos_v1:smoked_fish":1,"minecraft:crafting_table":26,"minecraft:spruce_planks":8,"minecraft:wooden_pickaxe":1,"minecraft:baked_potato":1107,"minecraft:gold_block":48,"minecraft:birch_planks":44,"minecraft:brewing_stand":1,"minecraft:iron_chestplate":10,"minecraft:diamond_pickaxe":2,"minecraft:shield":5,"mysticalagriculture:prudentium_gemstone":1,"mysticalagriculture:prudentium_growth_accelerator":3,"minecraft:wooden_sword":1,"stalwart_dungeons:tungsten_leggings":4,"epicpaladins:bloodstone_sword":2,"mysticalagriculture:inferium_essence":60,"minecraft:netherite_leggings":1,"minecraft:iron_axe":3,"born_in_chaos_v1:fried_maggot":10,"minecraft:netherite_scrap":90,"stalwart_dungeons:tungsten_ingot":80,"minecraft:cooked_beef":25,"minecraft:red_dye":10,"minecraft:cooked_cod":20,"minecraft:crimson_planks":36,"mysticalagriculture:soulstone":118,"minecraft:diamond_sword":2,"waystones:sharestone":1,"minecraft:nether_bricks":3,"minecraft:bucket":4,"minecraft:amethyst_block":5,"minecraft:bread":74,"minecraft:air":0,"minecraft:oak_boat":7,"minecraft:white_wool":7,"minecraft:gold_nugget":1808,"minecraft:acacia_planks":12,"undead_revamp2:bostroxingot":1,"minecraft:lapis_lazuli":54,"minecraft:lapis_block":17},"minecraft:custom":{"minecraft:interact_with_crafting_table":431,"minecraft:damage_blocked_by_shield":9043,"minecraft:deaths":86,"minecraft:play_time":2685147,"minecraft:jump":55032,"minecraft:interact_with_smoker":340,"minecraft:inspect_dispenser":3,"minecraft:interact_with_anvil":71,"minecraft:tune_noteblock":1,"minecraft:time_since_rest":8848,"twilightforest:life_charms_activated":1,"minecraft:swim_one_cm":1061913,"minecraft:open_chest":3828,"minecraft:damage_resisted":872,"minecraft:talked_to_villager":19,"minecraft:interact_with_brewingstand":55,"minecraft:damage_dealt_resisted":9551,"minecraft:boat_one_cm":100,"minecraft:damage_taken":90893,"minecraft:open_barrel":304,"goblintraders:trade_with_goblin":21,"minecraft:eat_cake_slice":4,"minecraft:leave_game":30,"minecraft:time_since_death":8823,"minecraft:enchant_item":35,"minecraft:interact_with_furnace":389,"minecraft:traded_with_villager":4,"minecraft:sleep_in_bed":32,"minecraft:waystone_activated":16,"minecraft:damage_dealt":337066,"minecraft:interact_with_smithing_table":45,"minecraft:damage_dealt_absorbed":484,"minecraft:sneak_time":292262,"minecraft:interact_with_blast_furnace":250,"minecraft:total_world_time":2685147,"minecraft:fly_one_cm":10354919,"minecraft:fall_one_cm":1912915,"minecraft:sprint_one_cm":6103351,"minecraft:drop":1443,"minecraft:walk_on_water_one_cm":376504,"minecraft:player_kills":9,"minecraft:crouch_one_cm":1085866,"minecraft:mob_kills":1954,"minecraft:climb_one_cm":43113,"minecraft:walk_one_cm":7784543,"minecraft:strider_one_cm":850,"minecraft:walk_under_water_one_cm":504695,"minecraft:interact_with_grindstone":5,"minecraft:damage_absorbed":3669,"minecraft:trigger_trapped_chest":5},"minecraft:killed":{"illagerinvasion:archivist":6,"born_in_chaos_v1:zombie_lumberjack":4,"born_in_chaos_v1:skeleton_demoman":3,"minecraft:cod":14,"illagerinvasion:basher":1,"undead_revamp2:theswarmer":5,"minecraft:guardian":3,"deeperdarker:sculk_snapper":1,"alexsmobs:straddler":9,"undead_revamp2:thepregnant":2,"undead_revamp2:thespitter":6,"born_in_chaos_v1:bone_imp":17,"minecraft:salmon":37,"stalwart_dungeons:giddy_blaze":20,"minecraft:pillager":12,"undead_revamp2:slaveman":1,"minecraft:zombie":131,"stalwart_dungeons:incomplete_wither":13,"iceandfire:sea_serpent":2,"minecraft:evoker":1,"minecraft:endermite":1,"minecraft:vindicator":11,"born_in_chaos_v1:skeleton_thrasher_not_despawn":1,"undead_revamp2:bomber":3,"born_in_chaos_v1:firelight":6,"iceandfire:siren":1,"minecraft:warden":1,"born_in_chaos_v1:seared_spirit_not_despawn":1,"cataclysm:deepling_angler":7,"iceandfire:cyclops":1,"born_in_chaos_v1:bloody_gadfly":2,"undead_revamp2:thesomnolence":58,"iceandfire:ghost":4,"cataclysm:ignis":1,"cataclysm:coralssus":6,"deeperdarker:shriek_worm":1,"born_in_chaos_v1:controlled_baby_skeleton":1,"minecraft:zombified_piglin":19,"minecraft:spider":49,"cataclysm:netherite_monstrosity":1,"minecraft:wither":1,"minecraft:bee":3,"illagerinvasion:provoker":4,"minecraft:silverfish":3,"undead_revamp2:therod":3,"dragonmounts:dragon":2,"minecraft:piglin_brute":21,"born_in_chaos_v1:firelight_not_despawn":3,"minecraft:piglin":62,"born_in_chaos_v1:bonescaller":3,"minecraft:zombie_villager":1,"born_in_chaos_v1:glutton_fish":1,"alexsmobs:stradpole":2,"illagerinvasion:alchemist":1,"alexsmobs:crimson_mosquito":21,"minecraft:sheep":8,"undead_revamp2:theordure":3,"undead_revamp2:thebidyupside":3,"minecraft:ghast":13,"iceandfire:pixie":3,"born_in_chaos_v1:siamese_skeletonsleft":6,"alexsmobs:bone_serpent":3,"undead_revamp2:thegliter":5,"minecraft:slime":20,"born_in_chaos_v1:zombie_bruiser":9,"minecraft:drowned":9,"born_in_chaos_v1:corpse_fish":7,"born_in_chaos_v1:baby_skeleton":19,"stalwart_dungeons:reinforced_blaze":195,"born_in_chaos_v1:swarmer":2,"minecraft:hoglin":26,"born_in_chaos_v1:decaying_zombie":3,"alexsmobs:cockroach":1,"cataclysm:deepling_priest":2,"minecraft:wither_skeleton":49,"minecraft:player":5,"deeperdarker:sculk_centipede":4,"minecraft:cave_spider":16,"born_in_chaos_v1:door_knight_not_despawn":2,"born_in_chaos_v1:restless_spirit":11,"undead_revamp2:axestrom":2,"minecraft:dolphin":1,"born_in_chaos_v1:siamese_skeletonsright":6,"born_in_chaos_v1:baby_skeleton_minion":12,"minecraft:skeleton":99,"minecraft:chicken":8,"born_in_chaos_v1:skeleton_thrasher":4,"born_in_chaos_v1:supreme_bonescaller_stage_2":2,"illagerinvasion:necromancer":2,"minecraft:magma_cube":80,"irons_spellbooks:summoned_vex":2,"cataclysm:deepling":15,"born_in_chaos_v1:corpse_fly":24,"minecraft:glow_squid":1,"born_in_chaos_v1:door_knight":9,"minecraft:cow":13,"undead_revamp2:thehunter":34,"illagerinvasion:marauder":4,"quark:toretoise":4,"alexsmobs:seagull":1,"born_in_chaos_v1:dire_hound_leader":1,"stalwart_dungeons:nether_wart_cocoon":6,"undead_revamp2:thebidy":3,"born_in_chaos_v1:barrel_zombie":2,"born_in_chaos_v1:spiritof_chaos":4,"born_in_chaos_v1:bone_imp_minion":9,"undead_revamp2:the_moonflower":47,"irons_spellbooks:citadel_keeper":3,"born_in_chaos_v1:decrepit_skeleton":28,"born_in_chaos_v1:dark_vortex":5,"quark:wraith":1,"minecraft:enderman":40,"born_in_chaos_v1:lifestealer_true_form":2,"undead_revamp2:thewolf":4,"born_in_chaos_v1:zombie_clown":2,"undead_revamp2:thesmoker":8,"born_in_chaos_v1:scarlet_persecutor":8,"irons_spellbooks:summoned_skeleton":1,"undead_revamp2:crackleball":1,"minecraft:pig":3,"born_in_chaos_v1:diamond_termite":33,"irons_spellbooks:necromancer":4,"minecraft:strider":7,"minecraft:creeper":29,"cataclysm:deepling_brute":4,"born_in_chaos_v1:dread_hound":21,"minecraft:stray":10,"undead_revamp2:theskeeper":6,"alexsmobs:fly":2,"minecraft:blaze":26,"cataclysm:ignited_revenant":1,"alexsmobs:dropbear":2,"irons_spellbooks:summoned_zombie":6,"born_in_chaos_v1:maggot":83,"minecraft:phantom":25,"iceandfire:fire_dragon":3,"deeperdarker:shattered":38,"alexsmobs:soul_vulture":1,"cataclysm:lionfish":5,"undead_revamp2:thehorrors":2,"alexsmobs:frilled_shark":1,"undead_revamp2:sucker":35,"born_in_chaos_v1:fallen_chaos_knight":3,"quark:foxhound":9,"iceandfire:troll":1,"born_in_chaos_v1:bonescaller_not_despawn":4,"born_in_chaos_v1:nightmare_stalker":5,"alexsmobs:crow":1},"minecraft:picked_up":{"irons_spellbooks:arcane_anvil":1,"waystones:warp_stone":1,"minecraft:smithing_table":2,"minecraft:lead":3,"minecraft:enchanted_book":5,"epicpaladins:arclight_hoe":1,"biomesoplenty:blood_bucket":1,"twigs:bloodstone":29,"minecraft:polished_blackstone_brick_stairs":6,"minecraft:string":171,"deeperdarker:grime_ball":6,"minecraft:shroomlight":1,"mysticalagriculture:infusion_altar":1,"minecraft:polished_blackstone_brick_slab":3,"minecraft:polished_blackstone_stairs":3,"born_in_chaos_v1:shattered_skull":10,"mysticalagriculture:prosperity_shard":472,"minecraft:acacia_log":3,"quark:blossom_log":101,"mysticalagriculture:inferium_seeds":168,"deeperdarker:echo_log":31,"minecraft:golden_chestplate":3,"minecraft:stone_sword":4,"born_in_chaos_v1:fried_maggot":2,"farmersdelight:onion":3,"minecraft:polished_basalt":4,"farmersdelight:rope":3,"minecraft:glowstone":2,"minecraft:bookshelf":36,"supplementaries:ash":204,"minecraft:blaze_rod":383,"mysticalagriculture:enderman_seeds":12,"minecraft:iron_bars":8,"minecraft:snowball":188,"biomesoplenty:lavender":18,"minecraft:sponge":3,"minecraft:feather":21,"minecraft:cooked_beef":6,"minecraft:water_bucket":1,"minecraft:flint":27,"born_in_chaos_v1:black_argillite_button":1,"minecraft:dark_oak_sign":4,"mysticalagriculture:soulium_dust":173,"quark:soul_bead":1,"minecraft:diamond_helmet":1,"irons_spellbooks:frostward_ring":1,"iceandfire:dragon_skull_fire":7,"cataclysm:stone_tiles":3,"minecraft:polished_andesite":22,"minecraft:deepslate":4,"minecraft:granite":9,"minecraft:golden_horse_armor":1,"born_in_chaos_v1:rotten_fish":11,"minecraft:crimson_roots":3,"iceandfire:raw_silver":2,"born_in_chaos_v1:seedof_chaos":15,"minecraft:leather_leggings":6,"born_in_chaos_v1:missionary_hat_helmet":1,"quark:nether_brick_chest":4,"waystones:sharestone":3,"minecraft:flint_and_steel":2,"born_in_chaos_v1:intoxicating_decoction":3,"minecraft:polished_blackstone_wall":2,"supplementaries:bomb":10,"minecraft:stripped_warped_stem":14,"minecraft:poppy":14,"minecraft:birch_sapling":2,"minecraft:stone":52,"minecraft:raw_gold_block":21,"farmersdelight:tomato_seeds":6,"born_in_chaos_v1:pieceofdarkmetal":58,"minecraft:diamond_chestplate":5,"minecraft:hay_block":28,"stalwart_dungeons:tungsten_axe":1,"born_in_chaos_v1:spiny_shell":1,"minecraft:totem_of_undying":1,"minecraft:polished_blackstone":10,"undead_revamp2:wincallerfan":1,"minecraft:mutton":14,"minecraft:rail":1,"minecraft:bone_block":16,"minecraft:mud_bricks":58,"iceandfire:sea_serpent_fang":30,"born_in_chaos_v1:monster_flesh":39,"mysticalagriculture:fertilized_essence":15,"minecraft:tripwire_hook":2,"minecraft:blackstone_slab":4,"iceandfire:troll_leather_mountain":1,"minecraft:packed_mud":15,"epicpaladins:bloodstone_sword":2,"deeperdarker:echo_soil":59,"minecraft:paper":27,"minecraft:apple":13,"alexsmobs:cockroach_wing_fragment":1,"minecraft:warped_stem":25,"minecraft:oak_fence_gate":1,"quark:glow_shroom":6,"minecraft:dark_oak_stairs":3,"minecraft:polished_andesite_stairs":3,"minecraft:smooth_basalt":1,"born_in_chaos_v1:orbofthe_summoner":1,"minecraft:cracked_nether_bricks":7,"born_in_chaos_v1:fangofthe_hound_leader":2,"minecraft:crying_obsidian":6,"villagersplus:oceanographer_table":1,"minecraft:leather_helmet":4,"minecraft:slime_ball":31,"deeperdarker:sculk_bone":85,"minecraft:polished_blackstone_brick_wall":4,"minecraft:baked_potato":173,"illagerinvasion:platinum_chunk":4,"minecraft:nether_brick_fence":4,"alexscaves:cave_tablet":2,"minecraft:stone_brick_stairs":19,"minecraft:warped_stairs":3,"irons_spellbooks:heavy_chain_necklace":1,"epicpaladins:bloodstone_gem":72,"iceandfire:sea_serpent_scales_bronze":2,"biomesoplenty:brimstone":2,"alexsmobs:dropbear_claw":2,"alexsmobs:blood_sac":15,"minecraft:bucket":5,"delightful:acorn":19,"twigs:pebble":57,"minecraft:cobblestone_slab":34,"minecraft:iron_pickaxe":1,"born_in_chaos_v1:stimulating_decoction":1,"born_in_chaos_v1:smoldering_scorched_log":4,"irons_spellbooks:inscription_table":1,"iceandfire:dragonscales_red":28,"minecraft:tipped_arrow":2,"epicpaladins:arclight_gem":87,"twigs:silt_ball":20,"minecraft:diorite":7,"aether:golden_gloves":3,"quark:blossom_planks":11,"cataclysm:coral_chunk":9,"quark:ancient_tome":1,"deeperdarker:soul_dust":1,"minecraft:rotten_flesh":424,"minecraft:obsidian":35,"cataclysm:stone_pillar":2,"mysticalagriculture:enderman_essence":158,"minecraft:cobblestone":927,"minecraft:enchanting_table":1,"deeperdarker:cobbled_sculk_stone":208,"minecraft:leather_chestplate":1,"minecraft:lilac":19,"minecraft:warped_fungus_on_a_stick":2,"minecraft:potato":370,"deeperdarker:echo_sapling":16,"stalwart_dungeons:awful_gun":2,"minecraft:dirt":938,"minecraft:name_tag":1,"minecraft:bone":318,"minecraft:bow":3,"minecraft:wheat_seeds":198,"minecraft:mossy_stone_bricks":5,"mysticalagriculture:inferium_growth_accelerator":10,"minecraft:nether_brick_stairs":3,"minecraft:grass_block":3,"minecraft:diamond_block":1,"minecraft:spectral_arrow":10,"minecraft:mossy_cobblestone":12,"waystones:waystone":12,"minecraft:crossbow":4,"minecraft:cracked_polished_blackstone_bricks":29,"minecraft:bone_meal":4,"minecraft:golden_apple":1,"minecraft:emerald":50,"minecraft:netherrack":12887,"nethersdelight:hoglin_loin":9,"mysticalagriculture:soulstone":2,"born_in_chaos_v1:diamond_termite_shard":30,"mysticalagriculture:soulstone_cobble":626,"deeperdarker:cobbled_gloomslate":72,"nethersdelight:propelpearl":2,"minecraft:brown_mushroom":2,"epicpaladins:bloodstone_pickaxe":1,"stalwart_dungeons:soul_bricks":95,"minecraft:chain":2,"minecraft:shield":3,"mysticalagriculture:infusion_pedestal":8,"minecraft:moss_carpet":3,"undead_revamp2:bostroxset_chestplate":1,"alexsmobs:serrated_shark_tooth":1,"iceandfire:dragonscales_gray":13,"minecraft:polished_blackstone_bricks":74,"minecraft:purple_candle":4,"minecraft:weeping_vines":20,"minecraft:nether_bricks":98,"minecraft:black_banner":6,"born_in_chaos_v1:corpse_maggot":54,"minecraft:netherite_boots":1,"minecraft:basalt":275,"minecraft:golden_carrot":1,"minecraft:leather":50,"quark:smithing_template_rune":1,"oceansdelight:guardian":2,"minecraft:crimson_fungus":3,"minecraft:gunpowder":43,"minecraft:gray_carpet":4,"minecraft:iron_ingot":50,"born_in_chaos_v1:chipped_black_argillite_brick":1,"minecraft:cooked_chicken":2,"irons_spellbooks:cinder_essence":2,"iceandfire:fire_dragon_flesh":11,"minecraft:sculk_catalyst":2,"minecraft:warped_fungus":3,"iceandfire:ash":2,"minecraft:quartz":94,"minecraft:dandelion":12,"minecraft:amethyst_shard":45,"minecraft:soul_torch":6,"minecraft:red_banner":2,"mysticalagriculture:soulium_seed_base":7,"minecraft:nether_brick_slab":2,"minecraft:pumpkin_seeds":2,"minecraft:chainmail_leggings":3,"minecraft:terracotta":2,"minecraft:iron_chestplate":2,"minecraft:chainmail_boots":3,"minecraft:flower_pot":4,"minecraft:prismarine_shard":2,"irons_spellbooks:affinity_ring":1,"minecraft:oak_stairs":55,"mysticalagriculture:prudentium_growth_accelerator":4,"minecraft:wither_rose":2,"cataclysm:abyss_eye":1,"minecraft:brewing_stand":1,"spawnersplus:spawner_fragment":62,"minecraft:golden_sword":2,"minecraft:amethyst_block":1,"iceandfire:manuscript":1,"minecraft:dark_oak_trapdoor":1,"minecraft:soul_soil":7,"born_in_chaos_v1:mesh_door":1,"minecraft:cooked_salmon":29,"minecraft:red_nether_bricks":1,"biomesoplenty:tall_lavender":1,"mysticalagriculture:inferium_essence":2842,"minecraft:gold_nugget":2470,"minecraft:cobbled_deepslate":674,"quark:cyan_shard":8,"minecraft:netherite_upgrade_smithing_template":3,"minecraft:coal_block":1,"minecraft:mangrove_log":2,"stalwart_dungeons:tungsten_boots":1,"minecraft:cherry_log":2,"minecraft:warped_planks":7,"epicpaladins:moonlight_gem":28,"minecraft:chiseled_nether_bricks":1,"stalwart_dungeons:soul_magma_bricks":3,"biomesoplenty:rose_quartz_chunk":1,"iceandfire:fire_dragon_heart":4,"minecraft:iron_block":4,"mysticalagriculture:prudentium_essence":12,"minecraft:blackstone_stairs":1,"minecraft:birch_log":12,"minecraft:magma_block":90,"minecraft:polished_diorite_slab":1,"deeperdarker:gloomy_cactus":14,"born_in_chaos_v1:spiritual_dust":3,"cataclysm:coral_spear":3,"minecraft:map":1,"born_in_chaos_v1:nightmare_stalker_skull":1,"minecraft:twisting_vines":14,"stalwart_dungeons:blaze_armor_scrap":181,"minecraft:chipped_anvil":1,"undead_revamp2:blacpetalblock":2,"minecraft:glowstone_dust":89,"minecraft:moss_block":1,"minecraft:warped_wart_block":104,"iceandfire:shiny_scales":8,"epicpaladins:arclight_sword":3,"quark:glow_lichen_growth":3,"minecraft:dark_oak_log":2,"minecraft:red_terracotta":1,"undead_revamp2:heavytooth":2,"iceandfire:chared_cobblestone":1,"cataclysm:lionfish":2,"dragonmounts:dragon_egg":4,"minecraft:bread":19,"minecraft:chainmail_helmet":5,"alexsmobs:maggot":1,"twigs:rhyolite":12,"minecraft:crafting_table":9,"iceandfire:witherbone":12,"minecraft:nether_wart":18,"irons_spellbooks:tarnished_helmet":1,"minecraft:red_bed":3,"minecraft:netherite_scrap":6,"minecraft:cracked_stone_bricks":2,"minecraft:cartography_table":1,"minecraft:respawn_anchor":2,"minecraft:beef":27,"born_in_chaos_v1:gnawed_bones":1,"minecraft:iron_nugget":131,"quark:yellow_blossom_sapling":6,"minecraft:chest":1,"minecraft:egg":2,"minecraft:oak_door":1,"deeperdarker:sculk_tendrils":13,"minecraft:carrot":209,"minecraft:redstone":39,"minecraft:tnt":3,"minecraft:cooked_cod":14,"minecraft:deepslate_bricks":18,"minecraft:shears":1,"minecraft:diamond_boots":1,"undead_revamp2:the_somnolenceextract":1,"minecraft:gold_ingot":10,"minecraft:glow_berries":2,"minecraft:white_wool":17,"minecraft:stripped_oak_log":4,"minecraft:red_mushroom":1,"irons_spellbooks:silver_ring":1,"minecraft:filled_map":1,"philipsruins:dark_brick":15,"minecraft:oak_log":375,"minecraft:ancient_debris":78,"minecraft:stone_bricks":19,"minecraft:glass_bottle":2,"minecraft:iron_sword":2,"born_in_chaos_v1:ethereal_spirit":26,"minecraft:spyglass":1,"minecraft:gravel":100,"minecraft:spruce_log":2,"cataclysm:flame_eye":26,"deeperdarker:sculk_stone":2,"minecraft:gray_wool":240,"mysticalagriculture:soul_jar":2,"minecraft:warped_roots":34,"minecraft:warped_nylium":11,"minecraft:ender_pearl":16,"irons_spellbooks:scroll":1,"minecraft:chiseled_deepslate":1,"biomesoplenty:burning_blossom":3,"minecraft:wheat":56,"cataclysm:monstrous_horn":1,"minecraft:redstone_block":1,"aether:iron_gloves":1,"born_in_chaos_v1:black_argillite":40,"minecraft:raw_copper":51,"aether:diamond_gloves":1,"minecraft:iron_leggings":2,"irons_spellbooks:arcane_essence":10,"minecraft:deepslate_tiles":17,"minecraft:calcite":2,"bygonenether:soul_stone":16,"nethersdelight:hoglin_sirloin":20,"delightful:green_tea_leaf":18,"minecraft:furnace":4,"farmersdelight:cabbage_seeds":3,"minecraft:iron_boots":1,"minecraft:stick":78,"born_in_chaos_v1:phantom_powder":2,"minecraft:torch":147,"born_in_chaos_v1:flaming_evil_pumpkin":2,"deeperdarker:heart_of_the_deep":2,"minecraft:pointed_dripstone":4,"cataclysm:burning_ashes":2,"born_in_chaos_v1:nightmare_claw":4,"epicpaladins:cryorium_gem":49,"born_in_chaos_v1:sea_terror_eye":2,"cataclysm:athame":3,"supplementaries:antique_ink":14,"undead_revamp2:arapholia":3,"minecraft:nautilus_shell":1,"minecraft:magma_cream":8,"iceandfire:armor_green_boots":1,"minecraft:tuff":5,"supplementaries:flax_seeds":12,"undead_revamp2:huntereye":2,"minecraft:wither_skeleton_skull":11,"minecraft:lapis_lazuli":461,"born_in_chaos_v1:monster_skin":17,"minecraft:leather_boots":1,"irons_spellbooks:hogskin":6,"minecraft:raw_gold":479,"twigs:twig":60,"minecraft:oak_planks":220,"minecraft:mossy_stone_brick_stairs":1,"minecraft:ghast_tear":7,"irons_spellbooks:fireward_ring":2,"minecraft:cooked_porkchop":7,"irons_spellbooks:frozen_bone":5,"minecraft:poisonous_potato":2,"minecraft:sand":90,"born_in_chaos_v1:fire_dust":24,"minecraft:diamond":154,"minecraft:oak_sapling":111,"biomesoplenty:pink_daffodil":1,"minecraft:nether_star":1,"undead_revamp2:bostroxingot":9,"minecraft:lingering_potion":1,"minecraft:fishing_rod":1,"minecraft:charcoal":7,"twigs:petrified_lichen":4,"minecraft:allium":10,"stalwart_dungeons:awful_crystal":4,"minecraft:chicken":12,"biomesoplenty:flesh":16,"minecraft:gold_block":48,"minecraft:iron_axe":4,"minecraft:warped_fence":1,"deeperdarker:warden_carapace":2,"minecraft:oak_boat":9,"minecraft:phantom_membrane":11,"iceandfire:dragonbone":23,"minecraft:raw_iron":87,"iceandfire:dragonscales_green":19,"bygonenether:cobbled_blackstone":122,"minecraft:copper_ingot":3,"minecraft:dark_oak_planks":37,"minecraft:arrow":230,"iceandfire:cyclops_eye":1,"stalwart_dungeons:raw_tungsten":106,"alexscaves:spelunkery_table":1,"minecraft:saddle":7,"born_in_chaos_v1:fused_bone":5,"minecraft:cracked_deepslate_tiles":1,"minecraft:air":0,"minecraft:crimson_stem":9,"minecraft:glow_ink_sac":2,"minecraft:salmon":6,"cataclysm:ignitium_ingot":5,"iceandfire:ectoplasm":1,"minecraft:nether_wart_block":1,"minecraft:cobblestone_stairs":3,"iceandfire:tide_deepblue_leggings":1,"cataclysm:infernal_forge":5,"minecraft:red_nether_brick_stairs":1,"stalwart_dungeons:pusher":1,"mysticalagriculture:supremium_essence":1,"iceandfire:sea_serpent_scales_deepblue":33,"minecraft:soul_sand":95,"minecraft:book":25,"minecraft:oak_slab":23,"minecraft:birch_boat":4,"minecraft:chiseled_stone_bricks":1,"born_in_chaos_v1:lifestealer_bone":6,"stalwart_dungeons:tungsten_ingot":59,"minecraft:raw_iron_block":2,"minecraft:dripstone_block":1,"born_in_chaos_v1:dark_rod":7,"biomesoplenty:porous_flesh":2,"minecraft:blast_furnace":3,"minecraft:white_bed":2,"minecraft:green_carpet":2,"minecraft:spider_eye":9,"undead_revamp2:rawbostrox":1,"minecraft:coal":616},"minecraft:mined":{"minecraft:white_bed":1,"deeperdarker:sculk_stone_emerald_ore":1,"irons_spellbooks:armor_pile":3,"epicpaladins:cryorium_ore":20,"minecraft:red_nether_bricks":65,"minecraft:granite":14,"minecraft:deepslate_tile_wall":1,"born_in_chaos_v1:dark_metal_deposit":22,"deeperdarker:gloomy_grass":11,"supplementaries:blaze_rod":1,"mysticalagriculture:inferium_ore":121,"minecraft:spawner":50,"minecraft:polished_blackstone_bricks":605,"minecraft:magma_block":587,"biomesoplenty:tall_lavender":1,"minecraft:dark_oak_trapdoor":1,"minecraft:cobbled_deepslate":33,"minecraft:fire":163,"minecraft:deepslate_lapis_ore":19,"deeperdarker:sculk_stone_diamond_ore":22,"minecraft:nether_brick_stairs":6,"minecraft:twisting_vines":6,"deeperdarker:crystallized_amber":6,"iceandfire:gold_pile":177,"biomesoplenty:webbing":4,"minecraft:crimson_nylium":21,"deeperdarker:sculk_stone":218,"minecraft:powder_snow":10,"born_in_chaos_v1:infected_deepslate_diamond_ore":17,"minecraft:torch":19,"minecraft:nether_brick_slab":9,"quark:blossom_log":60,"minecraft:white_candle":2,"minecraft:bricks":1,"minecraft:chain":1,"deeperdarker:sculk_stone_lapis_ore":12,"deeperdarker:sculk_jaw":8,"born_in_chaos_v1:black_argillite_brick":1,"minecraft:grass":590,"stalwart_dungeons:pusher":1,"minecraft:deepslate":427,"biomesoplenty:reed":1,"villagersplus:oceanographer_table":1,"minecraft:deepslate_tiles":12,"mysticalagriculture:soulstone":6395,"minecraft:mossy_cobblestone":16,"minecraft:dark_oak_log":2,"deeperdarker:cobbled_gloomslate":4,"minecraft:dark_oak_fence":3,"minecraft:cartography_table":1,"epicpaladins:deepslate_arclight_ore":31,"farmersdelight:wild_onions":1,"minecraft:redstone_ore":2,"minecraft:packed_mud":19,"minecraft:andesite":1,"iceandfire:chared_gravel":1,"biomesoplenty:flesh":77,"deeperdarker:sculk_tendrils":1,"minecraft:mossy_stone_brick_stairs":1,"biomesoplenty:brimstone_bud":1,"minecraft:cobblestone_slab":26,"minecraft:respawn_anchor":2,"minecraft:rail":1,"deeperdarker:sculk_tendrils_plant":5,"biomesoplenty:barley":6,"minecraft:bone_block":18,"biomesoplenty:porous_flesh":5,"minecraft:oak_slab":22,"minecraft:redstone_block":1,"minecraft:glass_pane":5,"mysticalagriculture:tertium_farmland":4,"minecraft:soul_sand":150,"minecraft:polished_blackstone_brick_wall":2,"minecraft:dandelion":3,"minecraft:warped_roots":5,"minecraft:tall_grass":38,"minecraft:copper_ore":5,"minecraft:deepslate_gold_ore":204,"minecraft:diorite":17,"stalwart_dungeons:tungsten_ore":54,"minecraft:warped_wart_block":169,"minecraft:red_terracotta":2,"minecraft:coarse_dirt":3,"minecraft:sunflower":1,"minecraft:gravel":1748,"minecraft:cobweb":66,"minecraft:polished_blackstone":4,"minecraft:stone_bricks":29,"minecraft:chipped_anvil":1,"minecraft:gold_ore":27,"minecraft:fern":1,"mysticalagriculture:prudentium_farmland":22,"minecraft:farmland":45,"minecraft:brewing_stand":1,"deeperdarker:sculk_vines_plant":5,"minecraft:cracked_polished_blackstone_bricks":287,"twigs:twig":1,"minecraft:polished_blackstone_brick_slab":1,"minecraft:gilded_blackstone":3,"minecraft:sculk_catalyst":7,"supplementaries:ash":2,"born_in_chaos_v1:black_argillite_brick_slab":1,"supplementaries:stick":1,"minecraft:pointed_dripstone":2,"minecraft:iron_bars":11,"minecraft:spruce_slab":2,"iceandfire:chared_cobblestone":1,"minecraft:deepslate_redstone_ore":4,"mysticalagriculture:infusion_altar":1,"minecraft:polished_blackstone_wall":4,"stalwart_dungeons:soul_tiles":4,"minecraft:nether_quartz_ore":247,"minecraft:wither_skeleton_wall_skull":1,"minecraft:oak_planks":47,"minecraft:wall_torch":9,"minecraft:warped_nylium":115,"minecraft:warped_planks":7,"epicpaladins:deepslate_cryorium_ore":19,"minecraft:tnt":6,"quark:glow_shroom":2,"minecraft:oak_log":389,"minecraft:dirt":322,"mysticalagriculture:deepslate_prosperity_ore":120,"minecraft:ancient_debris":80,"minecraft:crying_obsidian":8,"deeperdarker:echo_log":33,"minecraft:glow_lichen":2,"minecraft:soul_campfire":1,"minecraft:spruce_leaves":3,"minecraft:cracked_nether_bricks":10,"minecraft:crimson_stem":28,"minecraft:hay_block":29,"minecraft:raw_gold_block":21,"minecraft:nether_sprouts":2,"minecraft:polished_basalt":1,"minecraft:gold_block":51,"minecraft:nether_brick_fence":5,"minecraft:bookshelf":40,"minecraft:shroomlight":8,"minecraft:deepslate_iron_ore":3,"minecraft:stripped_oak_log":4,"deeperdarker:sculk_stone_gold_ore":32,"epicpaladins:deepslate_bloodstone_ore":49,"minecraft:basalt":620,"minecraft:warped_fence":1,"born_in_chaos_v1:black_argillite_brick_n":2,"twigs:petrified_lichen":3,"minecraft:deepslate_coal_ore":9,"minecraft:polished_blackstone_brick_stairs":10,"dragonmounts:dragon_egg":2,"twigs:bloodstone":1455,"minecraft:black_wall_banner":3,"biomesoplenty:fir_leaves":8,"minecraft:cracked_stone_bricks":10,"minecraft:mossy_stone_bricks":3,"deeperdarker:gloomy_geyser":9,"minecraft:dark_oak_planks":38,"minecraft:polished_granite_slab":1,"minecraft:stripped_warped_stem":18,"minecraft:black_terracotta":1,"biomesoplenty:brimstone":7,"minecraft:potted_crimson_fungus":1,"minecraft:warped_stairs":4,"cataclysm:stone_tiles":3,"minecraft:obsidian":30,"biomesoplenty:burning_blossom":1,"biomesoplenty:bramble":14,"minecraft:chiseled_polished_blackstone":3,"deeperdarker:echo_soil":93,"minecraft:deepslate_bricks":36,"minecraft:crimson_fungus":1,"minecraft:chiseled_stone_bricks":1,"minecraft:weeping_vines_plant":9,"minecraft:tall_seagrass":1,"epicpaladins:moonlight_ore":27,"biomesoplenty:lavender":10,"minecraft:enchanting_table":1,"minecraft:sculk_shrieker":18,"minecraft:cave_vines":2,"minecraft:dirt_path":82,"minecraft:oak_stairs":55,"stalwart_dungeons:soul_magma_bricks":4,"minecraft:iron_block":4,"minecraft:brown_mushroom":1,"quark:nether_brick_chest":4,"minecraft:red_bed":3,"minecraft:soul_fire":29,"minecraft:amethyst_cluster":5,"minecraft:blast_furnace":3,"minecraft:mud_brick_stairs":1,"born_in_chaos_v1:smoldering_scorched_log":4,"minecraft:polished_diorite_slab":2,"mysticalagriculture:soulium_ore":66,"minecraft:wheat":8,"minecraft:lilac":18,"minecraft:warped_fungus":2,"minecraft:potted_poppy":1,"minecraft:stone_brick_stairs":20,"minecraft:oak_fence_gate":1,"twigs:schist":3,"deeperdarker:gloomy_cactus":1,"twigs:rhyolite":32,"mysticalagriculture:deepslate_inferium_ore":131,"epicpaladins:arclight_ore":13,"iceandfire:silver_ore":2,"stalwart_dungeons:soul_bricks":100,"deeperdarker:gloomslate_lapis_ore":10,"deeperdarker:gloomslate":73,"minecraft:nether_bricks":200,"minecraft:crimson_roots":1,"born_in_chaos_v1:black_argillite":12,"biomesoplenty:dead_grass":7,"minecraft:moss_block":1,"minecraft:kelp":1,"minecraft:snow":65,"minecraft:diamond_block":1,"minecraft:potatoes":27,"biomesoplenty:high_grass":9,"minecraft:warped_stem":30,"irons_spellbooks:inscription_table":1,"minecraft:white_wool":12,"minecraft:smithing_table":1,"twigs:pebble":1,"minecraft:emerald_ore":8,"minecraft:sponge":3,"biomesoplenty:high_grass_plant":64,"stalwart_dungeons:igniter":1,"bygonenether:soul_stone":18,"minecraft:dripstone_block":1,"biomesoplenty:stringy_cobweb":2,"minecraft:spruce_planks":2,"minecraft:sculk_vein":273,"mysticalagriculture:soulstone_cobble":12,"minecraft:cobblestone_stairs":6,"irons_spellbooks:arcane_anvil":1,"cataclysm:stone_pillar":2,"minecraft:grass_block":616,"deeperdarker:sculk_gleam":3,"minecraft:soul_soil":12,"mysticalagriculture:inferium_farmland":3,"minecraft:mud_bricks":68,"biomesoplenty:blackstone_bulb":1,"biomesoplenty:bramble_leaves":7,"minecraft:raw_iron_block":2,"minecraft:glowstone":30,"minecraft:red_nether_brick_stairs":1,"minecraft:iron_ore":70,"quark:blossom_planks":7,"twigs:silt":57,"minecraft:dark_oak_stairs":4,"deeperdarker:sculk_grime":13,"minecraft:blackstone":2782,"minecraft:twisting_vines_plant":4,"supplementaries:book_pile":1,"mysticalagriculture:inferium_growth_accelerator":11,"delightful:pumpkin_pie":2,"mysticalagriculture:inferium_crop":92,"deeperdarker:gloomslate_gold_ore":21,"minecraft:calcite":1,"minecraft:poppy":8,"minecraft:cobblestone":215,"minecraft:seagrass":2,"minecraft:nether_wart_block":32,"minecraft:birch_log":13,"deeperdarker:gloomslate_diamond_ore":12,"minecraft:cracked_deepslate_tiles":1,"minecraft:sand":93,"philipsruins:dark_brick":22,"minecraft:wither_skeleton_skull":8,"minecraft:tripwire_hook":4,"minecraft:netherrack":142480,"mysticalagriculture:infusion_pedestal":8,"minecraft:oak_leaves":39,"mysticalagriculture:prosperity_ore":12,"minecraft:nether_gold_ore":125,"alexscaves:spelunkery_table":1,"minecraft:diamond_ore":6,"minecraft:tuff":35,"minecraft:deepslate_diamond_ore":44,"minecraft:potted_wither_rose":2,"biomesoplenty:bush":107,"minecraft:weeping_vines":1,"deeperdarker:sculk_stone_redstone_ore":4,"deeperdarker:gloomy_sculk":3408,"minecraft:furnace":4,"minecraft:carrots":2,"minecraft:chiseled_deepslate":1,"biomesoplenty:sea_oats":2,"mysticalagriculture:prudentium_growth_accelerator":4,"biomesoplenty:spider_egg":2,"minecraft:stone":961,"minecraft:podzol":2,"minecraft:soul_torch":2,"minecraft:crafting_table":10,"minecraft:blackstone_slab":5,"minecraft:sculk_sensor":120,"born_in_chaos_v1:chipped_black_argillite_brick":3,"biomesoplenty:sprout":11,"minecraft:lapis_ore":1,"minecraft:sculk":3721,"supplementaries:urn":108,"minecraft:spruce_stairs":1,"minecraft:gray_wool":243,"minecraft:polished_blackstone_stairs":1,"biomesoplenty:pink_daffodil":1,"minecraft:coal_ore":359,"minecraft:gray_carpet":4,"deeperdarker:cobbled_sculk_stone":2,"minecraft:terracotta":3,"minecraft:polished_andesite":21},"minecraft:used":{"minecraft:stone":14,"minecraft:rotten_flesh":3,"minecraft:soul_sand":77,"cataclysm:infernal_forge":140757,"minecraft:lava_bucket":10,"minecraft:netherite_boots":1,"minecraft:bow":619,"minecraft:oak_sapling":38,"minecraft:cooked_cod":25,"mysticalagriculture:tertium_essence":62,"philipsruins:dark_brick":15,"biomesoplenty:flesh":4,"stalwart_dungeons:tungsten_chestplate":3,"minecraft:mossy_stone_bricks":1,"minecraft:leather_leggings":3,"minecraft:blackstone":1,"minecraft:wooden_pickaxe":11,"minecraft:mossy_stone_brick_stairs":1,"minecraft:golden_apple":87,"stalwart_dungeons:soul_bricks":22,"minecraft:blast_furnace":4,"minecraft:oak_pressure_plate":1,"minecraft:diamond_sword":52,"deeperdarker:cobbled_gloomslate":30,"minecraft:smithing_table":2,"minecraft:oak_boat":14,"minecraft:enchanting_table":1,"minecraft:cooked_salmon":28,"minecraft:torch":1032,"minecraft:brewing_stand":2,"mysticalagriculture:infusion_pedestal":16,"minecraft:chipped_anvil":1,"born_in_chaos_v1:smoldering_scorched_log":4,"minecraft:barrel":2,"minecraft:diamond_chestplate":26,"minecraft:basalt":183,"minecraft:warped_stairs":1,"iceandfire:armor_green_boots":1,"biomesoplenty:blood_bucket":313,"quark:blossom_planks":23,"mysticalagriculture:soul_extractor":1,"minecraft:bundle":1,"minecraft:lead":1,"mysticalagriculture:inferium_furnace":1,"minecraft:deepslate_bricks":7,"minecraft:red_bed":3,"minecraft:white_bed":2,"stalwart_dungeons:tungsten_leggings":8,"minecraft:diamond_pickaxe":556,"mysticalagriculture:soulstone_cobble":213,"cataclysm:athame":18,"minecraft:enchanted_book":1,"minecraft:potion":5,"minecraft:cooked_porkchop":2,"quark:nether_brick_chest":4,"quark:oak_chest":36,"minecraft:diamond_leggings":3,"epicpaladins:bloodstone_pickaxe":20128,"cataclysm:stone_tiles":3,"minecraft:obsidian":6,"waystones:sharestone":4,"mysticalagriculture:inferium_essence":29,"minecraft:warped_nylium":3,"mysticalagriculture:prudentium_growth_accelerator":7,"cataclysm:coral_spear":3,"minecraft:diamond_boots":5,"minecraft:wither_skeleton_skull":4,"minecraft:oak_planks":560,"epicpaladins:cryorium_axe":923,"minecraft:diamond_axe":40,"minecraft:mushroom_stew":2,"undead_revamp2:bostroxset_chestplate":18,"minecraft:crossbow":99,"waystones:waystone":11,"minecraft:dark_oak_log":2,"minecraft:bread":109,"quark:soul_bead":1,"nethersdelight:hoglin_sirloin":8,"iceandfire:dragon_skull_fire":4,"irons_spellbooks:wandering_magician_helmet":1,"minecraft:bone_meal":372,"mysticalagriculture:inferium_growth_accelerator":13,"minecraft:flint_and_steel":2,"born_in_chaos_v1:black_argillite":22,"minecraft:stone_hoe":104,"minecraft:cooked_chicken":4,"minecraft:dirt":790,"minecraft:golden_chestplate":2,"minecraft:wooden_axe":59,"dragonmounts:dragon_egg":5,"born_in_chaos_v1:nightmare_mantleofthe_night_helmet":1,"minecraft:oak_stairs":42,"minecraft:iron_boots":8,"minecraft:cooked_beef":23,"minecraft:enchanted_golden_apple":6,"minecraft:iron_leggings":7,"born_in_chaos_v1:trident_hayfork":34,"cataclysm:ignitium_boots":1,"undead_revamp2:wincallerfan":12,"minecraft:baked_potato":705,"minecraft:birch_boat":4,"deeperdarker:echo_soil":56,"stalwart_dungeons:tungsten_helmet":5,"cataclysm:bulwark_of_the_flame":85,"minecraft:warped_planks":61,"minecraft:golden_leggings":2,"epicpaladins:bloodstone_sword":2978,"alexsmobs:animal_dictionary":2,"minecraft:gray_wool":216,"deeperdarker:heart_of_the_deep":1,"minecraft:polished_blackstone":2,"epicpaladins:arclight_sword":6,"born_in_chaos_v1:smoked_flesh":35,"epicpaladins:bloodstone_shovel":1578,"minecraft:stone_brick_stairs":7,"minecraft:furnace":5,"minecraft:egg":1,"minecraft:potato":42,"minecraft:diorite":2,"minecraft:warped_fungus_on_a_stick":1157,"minecraft:respawn_anchor":2,"minecraft:sand":7,"minecraft:deepslate_tiles":8,"epicpaladins:bloodstone_hoe":6291,"delightful:acorn":1,"minecraft:stone_sword":27,"minecraft:stripped_warped_stem":1,"born_in_chaos_v1:smoked_fish":1,"minecraft:netherrack":6286,"minecraft:stick":1,"minecraft:warped_wart_block":63,"minecraft:anvil":1,"villagersplus:oceanographer_table":1,"minecraft:twisting_vines":1,"deeperdarker:echo_log":5,"minecraft:shroomlight":1,"minecraft:iron_axe":385,"mysticalagriculture:tertium_growth_accelerator":6,"stalwart_dungeons:tungsten_axe":43,"minecraft:totem_of_undying":1,"minecraft:mud_bricks":26,"minecraft:glowstone":1,"minecraft:blaze_rod":1,"minecraft:cobbled_deepslate":298,"minecraft:water_bucket":360,"minecraft:polished_blackstone_bricks":32,"deeperdarker:cobbled_sculk_stone":139,"minecraft:mossy_cobblestone":1,"minecraft:oak_slab":71,"minecraft:crafting_table":30,"minecraft:oak_log":2,"epicpaladins:arclight_pickaxe":15,"mysticalagriculture:fertilized_essence":2,"minecraft:iron_pickaxe":1013,"minecraft:chiseled_stone_bricks":1,"minecraft:cobblestone":559,"iceandfire:tide_deepblue_boots":1,"irons_spellbooks:arcane_anvil":1,"minecraft:diamond_hoe":212,"minecraft:shield":43,"minecraft:iron_sword":430,"mysticalagriculture:enderman_seeds":12,"mysticalagriculture:infusion_altar":2,"minecraft:sculk_sensor":1,"minecraft:iron_chestplate":4,"minecraft:nether_bricks":2,"minecraft:carrot":9,"mysticalagriculture:inferium_seeds":138,"minecraft:packed_mud":8,"minecraft:iron_helmet":2,"quark:blossom_chest":7,"minecraft:magma_block":3,"epicpaladins:arclight_hoe":1254,"bygonenether:cobbled_blackstone":9,"minecraft:golden_boots":1,"minecraft:dark_oak_stairs":1,"minecraft:ender_pearl":35,"mysticalagriculture:prudentium_essence":66,"mysticalagriculture:inferium_farmland":11,"alexscaves:cave_book":1,"minecraft:black_banner":3,"epicpaladins:moonlight_pickaxe":930,"mysticalagriculture:mystical_fertilizer":144,"minecraft:shears":38,"minecraft:gravel":11,"born_in_chaos_v1:smoked_monster_flesh":15,"minecraft:golden_helmet":1,"minecraft:air":1,"minecraft:experience_bottle":6,"minecraft:oak_fence":3,"mysticalagriculture:soulium_dagger":116,"epicpaladins:cryorium_pickaxe":6,"stalwart_dungeons:tungsten_boots":4,"minecraft:sculk":5,"minecraft:spyglass":14,"minecraft:diamond_helmet":2,"minecraft:dark_oak_planks":28,"minecraft:bookshelf":34,"minecraft:polished_blackstone_brick_stairs":1,"minecraft:crimson_planks":4,"minecraft:golden_carrot":161,"minecraft:cooked_mutton":6,"iceandfire:fire_dragon_flesh":1,"minecraft:netherite_chestplate":1,"minecraft:glass_bottle":10,"minecraft:polished_andesite":9,"minecraft:cobblestone_slab":21,"born_in_chaos_v1:stimulating_decoction":1,"minecraft:terracotta":2,"minecraft:smoker":1,"minecraft:apple":1,"minecraft:cracked_polished_blackstone_bricks":8,"minecraft:cracked_nether_bricks":1,"twigs:twig":1,"cataclysm:flame_eye":24,"minecraft:fishing_rod":2,"born_in_chaos_v1:wood_splitter_axe":1,"minecraft:red_banner":2,"minecraft:bucket":690,"minecraft:splash_potion":13,"minecraft:soul_torch":3},"minecraft:dropped":{"minecraft:iron_sword":3,"minecraft:porkchop":2,"minecraft:lapis_lazuli":25,"minecraft:glow_ink_sac":2,"minecraft:glass_bottle":15,"minecraft:diamond":5,"minecraft:crafting_table":1,"minecraft:warped_fungus_on_a_stick":2,"minecraft:weeping_vines":20,"minecraft:glow_berries":2,"minecraft:warped_roots":31,"minecraft:blackstone_stairs":1,"nethersdelight:hoglin_loin":9,"minecraft:red_mushroom":1,"minecraft:emerald":12,"minecraft:gold_nugget":77,"undead_revamp2:blacpetalblock":2,"minecraft:dark_oak_planks":3,"minecraft:fishing_rod":1,"spawnersplus:spawner_fragment":15,"deeperdarker:sculk_tendrils":2,"epicpaladins:arclight_sword":1,"minecraft:ancient_debris":2,"irons_spellbooks:blank_rune":1,"minecraft:iron_nugget":81,"minecraft:cobbled_deepslate":94,"alexscaves:cave_tablet":2,"minecraft:wheat":45,"iceandfire:sea_serpent_scales_deepblue":24,"minecraft:obsidian":7,"undead_revamp2:arapholia":1,"minecraft:rotten_flesh":281,"minecraft:oak_planks":226,"minecraft:nether_brick_fence":2,"deeperdarker:heart_of_the_deep":1,"irons_spellbooks:inscription_table":1,"minecraft:warped_planks":10,"alexsmobs:blood_sac":6,"mysticalagriculture:inferium_essence":55,"epicpaladins:bloodstone_shovel":1,"minecraft:leather_boots":1,"minecraft:leather_leggings":5,"minecraft:warped_wart_block":22,"minecraft:stone_brick_stairs":11,"stalwart_dungeons:tungsten_ingot":2,"biomesoplenty:tall_lavender":1,"iceandfire:manuscript":2,"born_in_chaos_v1:shattered_skull":6,"minecraft:wheat_seeds":95,"minecraft:netherite_chestplate":1,"minecraft:book":8,"minecraft:golden_apple":19,"minecraft:coal_block":1,"stalwart_dungeons:awful_gun":1,"bygonenether:cobbled_blackstone":78,"stalwart_dungeons:soul_bricks":31,"minecraft:gray_wool":6,"born_in_chaos_v1:black_argillite":33,"mysticalagriculture:enderman_essence":3,"minecraft:wooden_axe":1,"minecraft:potion":1,"minecraft:chainmail_leggings":3,"born_in_chaos_v1:flaming_evil_pumpkin":1,"minecraft:acacia_planks":8,"epicpaladins:arclight_hoe":2,"cataclysm:flame_eye":2,"minecraft:soul_soil":6,"minecraft:name_tag":3,"minecraft:flower_pot":1,"undead_revamp2:heavytooth":1,"alexsmobs:cockroach_wing_fragment":1,"minecraft:diamond_pickaxe":2,"minecraft:stone_bricks":29,"minecraft:bow":1,"minecraft:purple_candle":4,"minecraft:magma_block":87,"stalwart_dungeons:raw_tungsten":70,"minecraft:nether_brick_stairs":2,"minecraft:soul_sand":7,"quark:glow_shroom":6,"biomesoplenty:pink_daffodil":1,"minecraft:warped_fungus":2,"minecraft:oak_log":7,"minecraft:ender_pearl":16,"minecraft:nether_star":1,"minecraft:leather":14,"minecraft:red_wool":1,"minecraft:polished_blackstone_brick_wall":4,"minecraft:black_banner":3,"minecraft:cracked_polished_blackstone_bricks":3,"born_in_chaos_v1:monster_skin":6,"irons_spellbooks:hogskin":5,"minecraft:mutton":11,"minecraft:snowball":141,"farmersdelight:onion":3,"iceandfire:ash":2,"minecraft:gold_ingot":8,"stalwart_dungeons:tungsten_leggings":1,"minecraft:twisting_vines":13,"minecraft:pointed_dripstone":2,"supplementaries:antique_ink":3,"waystones:warp_stone":1,"minecraft:leather_chestplate":1,"irons_spellbooks:wandering_magician_helmet":1,"minecraft:iron_bars":8,"stalwart_dungeons:pusher":1,"biomesoplenty:flesh":12,"minecraft:cracked_nether_bricks":4,"deeperdarker:cobbled_gloomslate":7,"minecraft:bread":10,"minecraft:lilac":19,"deeperdarker:sculk_bone":12,"minecraft:amethyst_block":4,"cataclysm:stone_pillar":2,"mysticalagriculture:soulium_dust":5,"irons_spellbooks:scroll":1,"born_in_chaos_v1:fused_bone":5,"minecraft:polished_andesite_stairs":3,"minecraft:polished_blackstone_brick_slab":3,"mysticalagriculture:prosperity_shard":35,"minecraft:polished_basalt":4,"irons_spellbooks:frozen_bone":5,"minecraft:tripwire_hook":2,"oceansdelight:guardian":2,"epicpaladins:arclight_gem":1,"minecraft:redstone_block":1,"cataclysm:ignitium_ingot":3,"supplementaries:bomb":10,"farmersdelight:cabbage_seeds":3,"born_in_chaos_v1:black_argillite_button":1,"minecraft:stripped_oak_log":2,"minecraft:flint_and_steel":1,"minecraft:deepslate_bricks":6,"minecraft:mud_bricks":26,"iceandfire:armor_green_boots":1,"iceandfire:chared_cobblestone":1,"minecraft:oak_sapling":21,"quark:cyan_shard":8,"iceandfire:fire_dragon_heart":1,"minecraft:wooden_pickaxe":1,"minecraft:magma_cream":8,"cataclysm:monstrous_horn":1,"iceandfire:raw_silver":2,"born_in_chaos_v1:fried_maggot":4,"minecraft:crossbow":1,"irons_spellbooks:fireward_ring":1,"epicpaladins:cryorium_pickaxe":2,"minecraft:saddle":3,"minecraft:rail":1,"minecraft:leather_helmet":3,"twigs:pebble":1,"born_in_chaos_v1:monster_flesh":20,"minecraft:packed_mud":7,"minecraft:dirt":29,"minecraft:cracked_deepslate_tiles":1,"minecraft:chain":1,"minecraft:wooden_sword":1,"minecraft:bone_meal":3,"minecraft:phantom_membrane":2,"minecraft:iron_pickaxe":3,"born_in_chaos_v1:death_totem":1,"mysticalagriculture:soulstone_cobble":119,"quark:oak_chest":3,"minecraft:bone":142,"minecraft:polished_blackstone_wall":2,"minecraft:golden_chestplate":4,"aether:golden_gloves":2,"minecraft:birch_sapling":2,"minecraft:blaze_powder":8,"irons_spellbooks:heavy_chain_necklace":2,"supplementaries:flax_seeds":9,"minecraft:tipped_arrow":2,"minecraft:deepslate_tiles":9,"minecraft:charcoal":2,"farmersdelight:rope":3,"deeperdarker:grime_ball":6,"cataclysm:infernal_forge":4,"epicpaladins:bloodstone_sword":2,"minecraft:ghast_tear":5,"minecraft:crimson_planks":19,"farmersdelight:tomato_seeds":6,"minecraft:enchanted_book":4,"minecraft:iron_ingot":92,"minecraft:chiseled_nether_bricks":1,"minecraft:polished_blackstone":8,"biomesoplenty:lavender":2,"minecraft:cobblestone":174,"epicpaladins:bloodstone_pickaxe":1,"minecraft:apple":1,"minecraft:granite":9,"deeperdarker:echo_soil":3,"minecraft:chainmail_helmet":4,"minecraft:coal":42,"minecraft:polished_blackstone_stairs":3,"minecraft:polished_andesite":13,"stalwart_dungeons:blaze_armor_scrap":10,"minecraft:golden_carrot":31,"minecraft:diamond_helmet":1,"delightful:acorn":13,"minecraft:paper":4,"minecraft:string":70,"iceandfire:dragon_skull_fire":2,"minecraft:moss_carpet":3,"minecraft:soul_torch":23,"minecraft:netherite_ingot":4,"minecraft:stone_sword":1,"minecraft:polished_diorite_slab":1,"minecraft:dark_oak_sign":4,"minecraft:bowl":1,"minecraft:deepslate":7,"born_in_chaos_v1:rotten_fish":7,"minecraft:chicken":8,"deeperdarker:gloomy_cactus":4,"minecraft:nether_bricks":89,"minecraft:pumpkin_seeds":2,"deeperdarker:echo_log":26,"supplementaries:quiver":1,"minecraft:potato":29,"minecraft:cobblestone_slab":13,"minecraft:stone":9,"minecraft:allium":10,"minecraft:spider_eye":7,"waystones:waystone":1,"minecraft:birch_planks":20,"minecraft:dark_oak_stairs":1,"minecraft:baked_potato":310,"cataclysm:lionfish":1,"deeperdarker:sculk_stone":4,"minecraft:netherite_upgrade_smithing_template":5,"iceandfire:fire_dragon_flesh":3,"stalwart_dungeons:tungsten_shield":1,"biomesoplenty:porous_flesh":2,"minecraft:flint":2,"minecraft:polished_blackstone_brick_stairs":5,"minecraft:crimson_roots":3,"minecraft:cooked_cod":6,"minecraft:polished_blackstone_bricks":32,"biomesoplenty:burning_blossom":3,"twigs:twig":54,"minecraft:gravel":86,"minecraft:crimson_fungus":2,"born_in_chaos_v1:fire_dust":27,"born_in_chaos_v1:ethereal_spirit":1,"mysticalagriculture:inferium_seeds":12,"minecraft:carrot":10,"minecraft:poppy":3,"minecraft:oak_fence_gate":1,"supplementaries:ash":141,"minecraft:gunpowder":30,"born_in_chaos_v1:chipped_black_argillite_brick":1,"born_in_chaos_v1:corpse_maggot":32,"minecraft:glowstone":2,"minecraft:chainmail_boots":2,"minecraft:blackstone_slab":4,"minecraft:basalt":28,"minecraft:arrow":30,"minecraft:quartz":55,"minecraft:netherrack":3571,"epicpaladins:moonlight_gem":3,"born_in_chaos_v1:dark_rod":1,"minecraft:water_bucket":2,"minecraft:mossy_cobblestone":11,"quark:blossom_planks":23,"minecraft:diamond_leggings":1,"minecraft:poisonous_potato":1,"minecraft:prismarine_shard":2,"minecraft:lead":2,"minecraft:spectral_arrow":10,"delightful:green_tea_leaf":4,"biomesoplenty:blood_bucket":2,"minecraft:copper_ingot":2,"minecraft:grass_block":2,"irons_spellbooks:ancient_knowledge_fragment":2,"minecraft:stick":94,"twigs:bloodstone":16,"quark:glow_lichen_growth":2,"iceandfire:tide_deepblue_leggings":1,"minecraft:diorite":4,"minecraft:warped_stairs":2,"quark:blossom_log":41,"minecraft:torch":27,"stalwart_dungeons:tungsten_helmet":1,"minecraft:map":1,"minecraft:iron_leggings":1,"minecraft:green_carpet":2,"minecraft:iron_axe":5,"minecraft:bucket":3,"minecraft:dandelion":10,"minecraft:smooth_basalt":1,"minecraft:redstone":20,"minecraft:nether_brick_slab":1,"nethersdelight:hoglin_sirloin":12,"alexsmobs:maggot":1,"twigs:petrified_lichen":4,"minecraft:warped_nylium":8,"minecraft:nether_wart":3,"minecraft:blaze_rod":3,"minecraft:raw_copper":29,"minecraft:tuff":3,"minecraft:raw_iron":1,"iceandfire:witherbone":5,"epicpaladins:bloodstone_gem":7,"minecraft:red_nether_brick_stairs":1,"minecraft:filled_map":1,"undead_revamp2:bostroxset_chestplate":1,"minecraft:shield":3,"minecraft:diamond_chestplate":5,"minecraft:iron_chestplate":2,"minecraft:warped_fence":1,"minecraft:mossy_stone_bricks":3,"minecraft:golden_sword":1,"minecraft:diamond_boots":2,"minecraft:slime_ball":11,"minecraft:stripped_warped_stem":7,"minecraft:raw_gold":7,"minecraft:calcite":2,"deeperdarker:cobbled_sculk_stone":2}},"DataVersion":3465}