{
  "adorabuild_structures:overworld_structures": {
    "criteria": {
      "always": "2024-06-24 19:23:05 +0000"
    },
    "done": true
  },
  "irons_spellbooks:grant_patchouli": {
    "criteria": {
      "tick": "2024-06-24 19:23:05 +0000"
    },
    "done": true
  },
  "iceandfire:iceandfire/root": {
    "criteria": {
      "tick": "2024-06-24 19:23:05 +0000"
    },
    "done": true
  },
  "betterend:root": {
    "criteria": {
      "welcome": "2024-06-24 19:23:05 +0000"
    },
    "done": true
  },
  "crabbersdelight:main/root": {
    "criteria": {
      "seeds": "2024-06-24 19:23:05 +0000"
    },
    "done": true
  },
  "betterdungeons:root": {
    "criteria": {
      "always": "2024-06-24 19:23:05 +0000"
    },
    "done": true
  },
  "born_in_chaos_v1:bornin_chaos": {
    "criteria": {
      "bornin_chaos_0": "2024-06-24 19:23:05 +0000"
    },
    "done": true
  },
  "undead_revamp2:theundeadchallenges": {
    "criteria": {
      "theundeadchallenges": "2024-06-24 19:23:05 +0000"
    },
    "done": true
  },
  "repurposed_structures:root": {
    "criteria": {
      "always": "2024-06-24 19:23:05 +0000"
    },
    "done": true
  },
  "mowziesmobs:root": {
    "criteria": {
      "custom_test_name": "2024-06-24 19:23:05 +0000"
    },
    "done": true
  },
  "dungeons_arise:wda_root": {
    "criteria": {
      "WDA": "2024-06-24 19:23:05 +0000"
    },
    "done": true
  },
  "cataclysm:root": {
    "criteria": {
      "custom_test_name": "2024-06-24 19:23:05 +0000"
    },
    "done": true
  },
  "farmersdelight:main/root": {
    "criteria": {
      "seeds": "2024-06-24 19:23:05 +0000"
    },
    "done": true
  },
  "minecraft:adventure/adventuring_time": {
    "criteria": {
      "minecraft:snowy_slopes": "2024-06-28 04:13:00 +0000",
      "minecraft:sunflower_plains": "2024-06-24 19:24:44 +0000",
      "minecraft:cherry_grove": "2024-06-24 19:46:26 +0000",
      "minecraft:beach": "2024-07-10 21:23:11 +0000",
      "minecraft:dark_forest": "2024-07-11 21:10:15 +0000",
      "minecraft:sparse_jungle": "2024-07-12 18:51:58 +0000",
      "minecraft:river": "2024-06-24 19:44:23 +0000",
      "minecraft:lukewarm_ocean": "2024-07-12 18:52:02 +0000",
      "minecraft:stony_shore": "2024-07-12 18:52:20 +0000",
      "minecraft:dripstone_caves": "2024-06-24 22:44:37 +0000",
      "minecraft:cold_ocean": "2024-07-10 19:34:14 +0000",
      "minecraft:forest": "2024-07-10 21:18:15 +0000",
      "minecraft:deep_cold_ocean": "2024-07-09 21:10:14 +0000",
      "minecraft:ocean": "2024-07-11 21:09:25 +0000",
      "minecraft:deep_lukewarm_ocean": "2024-07-12 18:53:53 +0000",
      "minecraft:old_growth_birch_forest": "2024-07-12 18:51:56 +0000",
      "minecraft:deep_dark": "2024-06-24 21:57:08 +0000",
      "minecraft:meadow": "2024-06-24 19:55:40 +0000",
      "minecraft:plains": "2024-06-24 19:23:05 +0000"
    },
    "done": false
  },
  "minecraft:adventure/root": {
    "criteria": {
      "killed_by_something": "2024-06-24 19:23:20 +0000"
    },
    "done": true
  },
  "naturescompass:natures_compass_sapling": {
    "criteria": {
      "has_sapling": "2024-06-24 19:24:14 +0000"
    },
    "done": true
  },
  "naturescompass:natures_compass": {
    "criteria": {
      "has_recipe": "2024-06-24 19:24:14 +0000"
    },
    "done": true
  },
  "naturescompass:natures_compass_log": {
    "criteria": {
      "has_recipe": "2024-06-24 19:24:14 +0000"
    },
    "done": true
  },
  "minecraft:husbandry/root": {
    "criteria": {
      "consumed_item": "2024-06-24 19:28:00 +0000"
    },
    "done": true
  },
  "alexsmobs:alexsmobs/root": {
    "criteria": {
      "useitem": "2024-06-24 19:28:04 +0000"
    },
    "done": true
  },
  "minecraft:story/smelt_iron": {
    "criteria": {
      "iron": "2024-06-24 19:28:13 +0000"
    },
    "done": true
  },
  "comforts:rope_and_nail": {
    "criteria": {
      "has_iron": "2024-06-24 19:28:13 +0000"
    },
    "done": true
  },
  "minecraft:story/obtain_armor": {
    "criteria": {
      "iron_chestplate": "2024-06-24 19:28:17 +0000"
    },
    "done": true
  },
  "hearth_and_home:recipes/trims": {
    "criteria": {
      "has_item": "2024-06-24 19:28:32 +0000"
    },
    "done": true
  },
  "hearth_and_home:recipes/parquets": {
    "criteria": {
      "has_item": "2024-06-24 19:28:32 +0000"
    },
    "done": true
  },
  "hearth_and_home:recipes/lattices": {
    "criteria": {
      "has_item": "2024-06-24 19:28:32 +0000"
    },
    "done": true
  },
  "hearth_and_home:recipes/sanded_wood": {
    "criteria": {
      "has_item": "2024-06-24 19:28:32 +0000"
    },
    "done": true
  },
  "minecraft:story/iron_tools": {
    "criteria": {
      "iron_pickaxe": "2024-06-24 19:28:40 +0000"
    },
    "done": true
  },
  "born_in_chaos_v1:dark_metallurgy": {
    "criteria": {
      "dark_metallurgy_0": "2024-06-24 19:29:03 +0000"
    },
    "done": true
  },
  "minecraft:story/mine_diamond": {
    "criteria": {
      "diamond": "2024-06-24 19:29:05 +0000"
    },
    "done": true
  },
  "biomesoplenty:biomesoplenty/root": {
    "criteria": {
      "pasture": "2024-06-24 19:29:41 +0000"
    },
    "done": true
  },
  "biomesoplenty:biomesoplenty/all_biomes": {
    "criteria": {
      "woodland": "2024-07-12 20:10:41 +0000",
      "shrubland": "2024-06-24 19:44:28 +0000",
      "rocky_shrubland": "2024-06-24 19:45:26 +0000",
      "scrubland": "2024-07-12 19:29:26 +0000",
      "erupting_inferno": "2024-07-03 21:40:34 +0000",
      "marsh": "2024-07-11 21:10:35 +0000",
      "jade_cliffs": "2024-06-28 04:19:21 +0000",
      "crystalline_chasm": "2024-07-03 21:43:23 +0000",
      "withered_abyss": "2024-07-10 20:53:51 +0000",
      "orchard": "2024-06-28 04:14:18 +0000",
      "lavender_forest": "2024-06-24 19:46:08 +0000",
      "spider_nest": "2024-06-24 20:07:27 +0000",
      "visceral_heap": "2024-07-03 22:44:23 +0000",
      "dune_beach": "2024-06-24 19:30:13 +0000",
      "pasture": "2024-06-24 19:29:41 +0000",
      "lavender_field": "2024-06-24 19:34:10 +0000",
      "prairie": "2024-06-28 04:36:15 +0000",
      "grassland": "2024-07-11 21:09:42 +0000",
      "undergrowth": "2024-07-03 21:48:55 +0000",
      "rainforest": "2024-07-12 19:24:06 +0000",
      "crag": "2024-07-12 19:53:19 +0000"
    },
    "done": false
  },
  "farmersdelight:main/get_fd_seed": {
    "criteria": {
      "rice": "2024-06-24 19:31:08 +0000"
    },
    "done": true
  },
  "minecraft:husbandry/balanced_diet": {
    "criteria": {
      "cooked_porkchop": "2024-07-03 22:46:57 +0000",
      "cooked_mutton": "2024-07-12 19:21:10 +0000",
      "baked_potato": "2024-06-24 20:58:56 +0000",
      "cooked_cod": "2024-07-10 21:01:50 +0000",
      "bread": "2024-06-24 19:42:47 +0000",
      "golden_apple": "2024-06-28 04:34:38 +0000",
      "rotten_flesh": "2024-06-24 21:41:08 +0000",
      "glow_berries": "2024-06-24 21:39:11 +0000",
      "dried_kelp": "2024-06-24 19:33:35 +0000",
      "melon_slice": "2024-06-24 19:52:48 +0000",
      "golden_carrot": "2024-07-03 22:08:28 +0000",
      "enchanted_golden_apple": "2024-06-29 03:10:13 +0000",
      "carrot": "2024-06-24 19:32:18 +0000"
    },
    "done": false
  },
  "minecraft:adventure/sleep_in_bed": {
    "criteria": {
      "slept_in_bed": "2024-06-24 19:32:36 +0000"
    },
    "done": true
  },
  "irons_spellbooks:make_inscription_table": {
    "criteria": {
      "inscription_table": "2024-06-24 19:38:24 +0000"
    },
    "done": true
  },
  "irons_spellbooks:irons_spellbooks/make_inscription_table": {
    "criteria": {
      "inscription_table": "2024-06-24 19:38:24 +0000"
    },
    "done": true
  },
  "irons_spellbooks:irons_spellbooks/root": {
    "criteria": {
      "inscription_table": "2024-06-24 19:38:24 +0000"
    },
    "done": true
  },
  "minecraft:story/mine_stone": {
    "criteria": {
      "get_stone": "2024-06-24 19:39:26 +0000"
    },
    "done": true
  },
  "minecraft:story/root": {
    "criteria": {
      "crafting_table": "2024-06-24 19:57:57 +0000"
    },
    "done": true
  },
  "minecraft:adventure/kill_a_mob": {
    "criteria": {
      "minecraft:zombie": "2024-06-24 20:07:22 +0000"
    },
    "done": true
  },
  "minecraft:adventure/kill_all_mobs": {
    "criteria": {
      "minecraft:blaze": "2024-07-03 21:45:22 +0000",
      "minecraft:skeleton": "2024-06-24 20:15:35 +0000",
      "minecraft:zoglin": "2024-07-14 22:17:09 +0000",
      "minecraft:ghast": "2024-07-03 22:26:40 +0000",
      "minecraft:hoglin": "2024-07-03 21:56:53 +0000",
      "minecraft:magma_cube": "2024-06-27 20:21:52 +0000",
      "minecraft:spider": "2024-06-24 20:54:47 +0000",
      "minecraft:piglin_brute": "2024-06-27 20:23:05 +0000",
      "minecraft:creeper": "2024-06-24 20:17:03 +0000",
      "minecraft:slime": "2024-06-24 21:57:42 +0000",
      "minecraft:phantom": "2024-06-27 19:58:36 +0000",
      "minecraft:zombified_piglin": "2024-07-03 21:35:06 +0000",
      "minecraft:witch": "2024-07-11 21:11:41 +0000",
      "minecraft:wither_skeleton": "2024-07-03 21:45:01 +0000",
      "minecraft:cave_spider": "2024-06-24 20:14:34 +0000",
      "minecraft:piglin": "2024-06-27 20:21:46 +0000",
      "minecraft:enderman": "2024-06-28 03:59:02 +0000",
      "minecraft:silverfish": "2024-07-10 19:29:25 +0000",
      "minecraft:zombie": "2024-06-24 20:07:22 +0000",
      "quark:foxhound": "2024-06-27 19:56:08 +0000",
      "minecraft:drowned": "2024-06-24 21:39:38 +0000",
      "minecraft:zombie_villager": "2024-06-24 21:31:31 +0000"
    },
    "done": false
  },
  "undead_revamp2:nightnight": {
    "criteria": {
      "nightnight": "2024-06-24 20:12:21 +0000"
    },
    "done": true
  },
  "undead_revamp2:daddy": {
    "criteria": {
      "daddy": "2024-06-24 20:20:25 +0000"
    },
    "done": true
  },
  "irons_spellbooks:irons_spellbooks/make_arcane_anvil": {
    "criteria": {
      "arcane_anvil": "2024-06-24 21:14:27 +0000"
    },
    "done": true
  },
  "born_in_chaos_v1:deceived_hopes": {
    "criteria": {
      "deceived_hopes_0": "2024-06-24 21:31:07 +0000"
    },
    "done": true
  },
  "comforts:sleeping_bag_white": {
    "criteria": {
      "has_white_wool": "2024-06-24 21:47:26 +0000"
    },
    "done": true
  },
  "comforts:hammock_white": {
    "criteria": {
      "has_white_wool": "2024-06-24 21:47:26 +0000"
    },
    "done": true
  },
  "irons_spellbooks:irons_spellbooks/ink_root": {
    "criteria": {
      "requirement": "2024-06-24 21:48:04 +0000"
    },
    "done": true
  },
  "minecraft:story/deflect_arrow": {
    "criteria": {
      "deflected_projectile": "2024-06-24 21:52:56 +0000"
    },
    "done": true
  },
  "minecraft:story/shiny_gear": {
    "criteria": {
      "diamond_chestplate": "2024-06-24 21:55:03 +0000"
    },
    "done": true
  },
  "deeperdarker:main/root": {
    "criteria": {
      "deep_dark": "2024-06-24 21:57:08 +0000"
    },
    "done": true
  },
  "minecraft:adventure/avoid_vibration": {
    "criteria": {
      "avoid_vibration": "2024-06-24 21:57:31 +0000"
    },
    "done": true
  },
  "minecraft:story/form_obsidian": {
    "criteria": {
      "obsidian": "2024-06-24 22:23:31 +0000"
    },
    "done": true
  },
  "minecraft:nether/obtain_crying_obsidian": {
    "criteria": {
      "crying_obsidian": "2024-06-24 22:31:48 +0000"
    },
    "done": true
  },
  "minecraft:story/enchant_item": {
    "criteria": {
      "enchanted_item": "2024-06-24 22:43:25 +0000"
    },
    "done": true
  },
  "deeperdarker:main/find_ancient_city": {
    "criteria": {
      "ancient_city": "2024-06-24 22:44:17 +0000"
    },
    "done": true
  },
  "irons_spellbooks:irons_spellbooks/ink_legendary": {
    "criteria": {
      "requirement": "2024-06-24 22:46:55 +0000"
    },
    "done": true
  },
  "undead_revamp2:parry": {
    "criteria": {
      "parry": "2024-06-24 23:43:42 +0000"
    },
    "done": true
  },
  "born_in_chaos_v1:pieceof_chaos": {
    "criteria": {
      "pieceof_chaos_0": "2024-06-24 23:55:25 +0000"
    },
    "done": true
  },
  "comforts:sleeping_bag_gray": {
    "criteria": {
      "has_gray_wool": "2024-06-25 21:38:32 +0000"
    },
    "done": true
  },
  "comforts:hammock_gray": {
    "criteria": {
      "has_gray_wool": "2024-06-25 21:38:32 +0000"
    },
    "done": true
  },
  "minecraft:adventure/trade": {
    "criteria": {
      "traded": "2024-06-25 23:23:46 +0000"
    },
    "done": true
  },
  "born_in_chaos_v1:fighting_nightmares": {
    "criteria": {
      "fighting_nightmares_0": "2024-06-26 21:08:01 +0000"
    },
    "done": true
  },
  "deeperdarker:main/enter_otherside": {
    "criteria": {
      "otherside": "2024-06-26 21:57:46 +0000"
    },
    "done": true
  },
  "deeperdarker:main/explore_otherside": {
    "criteria": {
      "overcast_columns": "2024-06-26 21:57:46 +0000",
      "deeplands": "2024-06-26 22:04:01 +0000",
      "echoing_forest": "2024-06-26 21:58:19 +0000"
    },
    "done": true
  },
  "deeperdarker:main/kill_all_sculk_mobs": {
    "criteria": {
      "shattered": "2024-06-26 21:59:32 +0000",
      "phantom": "2024-06-27 19:58:36 +0000",
      "shriek_worm": "2024-06-26 22:09:40 +0000",
      "sculk_centipede": "2024-06-26 22:21:49 +0000",
      "sculk_leech": "2024-06-26 22:19:18 +0000",
      "warden": "2024-07-10 19:10:55 +0000",
      "sculk_snapper": "2024-06-26 22:14:05 +0000"
    },
    "done": false
  },
  "minecraft:adventure/shoot_arrow": {
    "criteria": {
      "shot_arrow": "2024-06-26 22:00:57 +0000"
    },
    "done": true
  },
  "bygonenether:root": {
    "criteria": {
      "entered_nether": "2024-06-26 22:41:03 +0000"
    },
    "done": true
  },
  "minecraft:story/enter_the_nether": {
    "criteria": {
      "entered_nether": "2024-06-26 22:41:03 +0000"
    },
    "done": true
  },
  "adorabuild_structures:nether_structures": {
    "criteria": {
      "example": "2024-06-26 22:41:03 +0000"
    },
    "done": true
  },
  "minecraft:nether/root": {
    "criteria": {
      "entered_nether": "2024-06-26 22:41:03 +0000"
    },
    "done": true
  },
  "minecraft:nether/explore_nether": {
    "criteria": {
      "minecraft:crimson_forest": "2024-07-03 22:08:20 +0000",
      "minecraft:nether_wastes": "2024-06-26 22:41:06 +0000",
      "minecraft:soul_sand_valley": "2024-07-09 20:33:39 +0000",
      "minecraft:warped_forest": "2024-06-26 22:42:20 +0000",
      "minecraft:basalt_deltas": "2024-07-03 21:39:33 +0000"
    },
    "done": true
  },
  "born_in_chaos_v1:dark_creator": {
    "criteria": {
      "dark_creator_0": "2024-06-27 20:00:18 +0000"
    },
    "done": true
  },
  "born_in_chaos_v1:hat_for_dark_deeds": {
    "criteria": {
      "hat_for_dark_deeds_0": "2024-06-27 20:00:19 +0000"
    },
    "done": true
  },
  "born_in_chaos_v1:hatman": {
    "criteria": {
      "hatman_1": "2024-06-27 20:00:19 +0000"
    },
    "done": false
  },
  "born_in_chaos_v1:lifeturnedouttobeacomedy": {
    "criteria": {
      "lifeturnedouttobeacomedy_0": "2024-06-27 20:00:26 +0000"
    },
    "done": true
  },
  "born_in_chaos_v1:charm_collector": {
    "criteria": {
      "charm_collector_0": "2024-07-10 21:37:00 +0000",
      "charm_collector_3": "2024-06-27 20:00:33 +0000"
    },
    "done": false
  },
  "alexscaves:alexscaves/root": {
    "criteria": {
      "underground_cabin": "2024-06-27 20:07:19 +0000"
    },
    "done": true
  },
  "minecraft:adventure/kill_mob_near_sculk_catalyst": {
    "criteria": {
      "kill_mob_near_sculk_catalyst": "2024-06-27 20:09:53 +0000"
    },
    "done": true
  },
  "born_in_chaos_v1:junior_summoner": {
    "criteria": {
      "junior_summoner_0": "2024-06-27 20:20:17 +0000"
    },
    "done": true
  },
  "adorabuild_structures:fireproof": {
    "criteria": {
      "nether_temple_medium_1": "2024-07-03 21:43:52 +0000",
      "nether_fortress_large_1": "2024-07-10 19:41:36 +0000",
      "nether_portal_small_1": "2024-07-09 21:10:04 +0000",
      "blackstone_bastion_medium_1": "2024-07-03 22:05:15 +0000",
      "blackstone_bastion_small_1": "2024-07-10 20:57:43 +0000",
      "blackstone_bastion_medium_2": "2024-06-27 20:23:16 +0000",
      "nether_fortress_medium_1": "2024-07-14 22:58:56 +0000"
    },
    "done": false
  },
  "minecraft:nether/loot_bastion": {
    "criteria": {
      "loot_bastion_other": "2024-06-27 20:23:18 +0000"
    },
    "done": true
  },
  "alexscaves:alexscaves/cave_tablet": {
    "criteria": {
      "cave_tablet": "2024-06-27 20:23:28 +0000"
    },
    "done": true
  },
  "minecraft:nether/obtain_ancient_debris": {
    "criteria": {
      "ancient_debris": "2024-06-27 20:26:54 +0000"
    },
    "done": true
  },
  "iceandfire:iceandfire/kill_if_dragon": {
    "criteria": {
      "killed_fire_dragon": "2024-06-28 04:21:41 +0000"
    },
    "done": true
  },
  "iceandfire:iceandfire/kill_ghost": {
    "criteria": {
      "killed_fire_dragon": "2024-06-28 04:27:07 +0000"
    },
    "done": true
  },
  "adorabuild_structures:tireless_legs": {
    "criteria": {
      "birch_house_medium_1": "2024-07-10 21:19:56 +0000",
      "oak_house_medium_2": "2024-06-28 04:41:34 +0000"
    },
    "done": false
  },
  "undead_revamp2:oneskelly": {
    "criteria": {
      "oneskelly": "2024-06-29 02:55:34 +0000"
    },
    "done": true
  },
  "alexsmobs:alexsmobs/skreecher": {
    "criteria": {
      "killed": "2024-07-03 19:47:32 +0000"
    },
    "done": true
  },
  "born_in_chaos_v1:bypassingthe_expiration_date": {
    "criteria": {
      "bypassingthe_expiration_date_0": "2024-07-03 21:30:07 +0000"
    },
    "done": true
  },
  "minecraft:nether/find_fortress": {
    "criteria": {
      "in_better_fortress": "2024-07-03 21:44:24 +0000"
    },
    "done": true
  },
  "minecraft:nether/obtain_blaze_rod": {
    "criteria": {
      "blaze_rod": "2024-07-03 21:45:22 +0000"
    },
    "done": true
  },
  "minecraft:nether/find_bastion": {
    "criteria": {
      "bastion": "2024-07-03 21:51:05 +0000"
    },
    "done": true
  },
  "minecraft:nether/distract_piglin": {
    "criteria": {
      "distract_piglin": "2024-07-03 21:54:12 +0000"
    },
    "done": true
  },
  "nova_structures:nether/find_piglins": {
    "criteria": {
      "nova_structures:piglin_camp": "2024-07-03 21:59:09 +0000"
    },
    "done": false
  },
  "minecraft:story/lava_bucket": {
    "criteria": {
      "lava_bucket": "2024-07-03 22:06:36 +0000"
    },
    "done": true
  },
  "repurposed_structures:ruins": {
    "criteria": {
      "in_ruins_nether": "2024-07-03 22:17:17 +0000"
    },
    "done": false
  },
  "minecraft:nether/ride_strider": {
    "criteria": {
      "used_warped_fungus_on_a_stick": "2024-07-03 22:33:10 +0000"
    },
    "done": true
  },
  "repurposed_structures:shipwrecks": {
    "criteria": {
      "in_shipwreck_nether_bricks": "2024-07-03 22:39:33 +0000"
    },
    "done": false
  },
  "cataclysm:find_soul_black_smith": {
    "criteria": {
      "blacksmith": "2024-07-03 22:47:02 +0000"
    },
    "done": true
  },
  "alexsmobs:alexsmobs/crimson_mosquito": {
    "criteria": {
      "killed_by": "2024-07-09 20:03:32 +0000"
    },
    "done": true
  },
  "minecraft:nether/fast_travel": {
    "criteria": {
      "travelled": "2024-07-09 21:10:14 +0000"
    },
    "done": true
  },
  "dungeons_arise:find_undead_pirate_ship": {
    "criteria": {
      "location0": "2024-07-09 21:15:59 +0000"
    },
    "done": true
  },
  "repurposed_structures:villages": {
    "criteria": {
      "in_village_ocean": "2024-07-09 21:17:10 +0000",
      "in_village_warped": "2024-07-10 19:41:42 +0000"
    },
    "done": false
  },
  "minecraft:adventure/trim_with_any_armor_pattern": {
    "criteria": {
      "armor_trimmed_minecraft:coast_armor_trim_smithing_template_smithing_trim": "2024-07-09 22:54:26 +0000"
    },
    "done": true
  },
  "undead_revamp2:earthyblood": {
    "criteria": {
      "earthyblood": "2024-07-09 23:11:04 +0000"
    },
    "done": true
  },
  "deeperdarker:main/kill_warden": {
    "criteria": {
      "warden": "2024-07-10 19:10:55 +0000"
    },
    "done": true
  },
  "iceandfire:iceandfire/kill_sea_serpent": {
    "criteria": {
      "killed_fire_dragon": "2024-07-10 19:33:47 +0000"
    },
    "done": true
  },
  "repurposed_structures:temples": {
    "criteria": {
      "in_temple_nether_wasteland": "2024-07-16 03:15:16 +0000",
      "in_temple_ocean": "2024-07-10 19:34:36 +0000"
    },
    "done": false
  },
  "adorabuild_structures:the_lethal_towers": {
    "criteria": {
      "nether_fortress_large_1": "2024-07-10 19:41:36 +0000"
    },
    "done": true
  },
  "born_in_chaos_v1:disgusting_lootbox": {
    "criteria": {
      "disgusting_lootbox_0": "2024-07-10 20:34:00 +0000"
    },
    "done": true
  },
  "cataclysm:find_burning_arena": {
    "criteria": {
      "arena": "2024-07-10 21:01:36 +0000"
    },
    "done": true
  },
  "cataclysm:kill_revenant": {
    "criteria": {
      "endergolem": "2024-07-10 21:02:26 +0000"
    },
    "done": true
  },
  "farmersdelight:main/plant_all_crops": {
    "criteria": {
      "potato": "2024-07-10 21:20:54 +0000"
    },
    "done": false
  },
  "hearth_and_home:recipes/polished_calcite": {
    "criteria": {
      "has_item": "2024-07-10 21:38:11 +0000"
    },
    "done": true
  },
  "hearth_and_home:recipes/barred_glass": {
    "criteria": {
      "has_item": "2024-07-11 20:42:12 +0000"
    },
    "done": true
  },
  "farmersdelight:main/use_cutting_board": {
    "criteria": {
      "cutting_board": "2024-07-11 20:43:05 +0000"
    },
    "done": true
  },
  "minecraft:adventure/trim_with_all_exclusive_armor_patterns": {
    "criteria": {
      "armor_trimmed_minecraft:vex_armor_trim_smithing_template_smithing_trim": "2024-07-11 21:50:17 +0000",
      "armor_trimmed_minecraft:rib_armor_trim_smithing_template_smithing_trim": "2024-07-11 20:45:02 +0000"
    },
    "done": false
  },
  "quark:overlevel_enchant": {
    "criteria": {
      "overlevel_enchant": "2024-07-11 20:49:30 +0000"
    },
    "done": true
  },
  "nova_structures:adventure/find_all_illager_structures": {
    "criteria": {
      "swamp_village": "2024-07-11 21:10:54 +0000"
    },
    "done": false
  },
  "nova_structures:adventure/find_swamp_village": {
    "criteria": {
      "minecraft:village_swamp": "2024-07-11 21:10:54 +0000"
    },
    "done": true
  },
  "iceandfire:iceandfire/kill_stymphalian_bird": {
    "criteria": {
      "killed_fire_dragon": "2024-07-11 21:13:22 +0000"
    },
    "done": true
  },
  "undead_revamp2:nowyouknow": {
    "criteria": {
      "nowyouknow": "2024-07-11 21:19:30 +0000"
    },
    "done": true
  },
  "minecraft:nether/summon_wither": {
    "criteria": {
      "summoned": "2024-07-11 21:28:23 +0000"
    },
    "done": true
  },
  "cataclysm:kill_ignis": {
    "criteria": {
      "ignis": "2024-07-11 21:54:33 +0000"
    },
    "done": true
  },
  "minecraft:adventure/totem_of_undying": {
    "criteria": {
      "used_totem": "2024-07-11 22:00:10 +0000"
    },
    "done": true
  },
  "iceandfire:iceandfire/kill_siren": {
    "criteria": {
      "killed_fire_dragon": "2024-07-12 18:52:50 +0000"
    },
    "done": true
  },
  "cataclysm:find_sunken_city": {
    "criteria": {
      "factory": "2024-07-12 18:56:13 +0000"
    },
    "done": true
  },
  "comforts:sleeping_bag_light_blue": {
    "criteria": {
      "has_the_recipe": "2024-07-14 22:06:19 +0000"
    },
    "done": true
  },
  "comforts:hammock_purple": {
    "criteria": {
      "has_the_recipe": "2024-07-14 22:06:19 +0000"
    },
    "done": true
  },
  "comforts:sleeping_bag_pink": {
    "criteria": {
      "has_the_recipe": "2024-07-14 22:06:19 +0000"
    },
    "done": true
  },
  "comforts:hammock_magenta": {
    "criteria": {
      "has_the_recipe": "2024-07-14 22:06:19 +0000"
    },
    "done": true
  },
  "comforts:hammock_red": {
    "criteria": {
      "has_the_recipe": "2024-07-14 22:06:19 +0000"
    },
    "done": true
  },
  "comforts:sleeping_bag_cyan": {
    "criteria": {
      "has_the_recipe": "2024-07-14 22:06:19 +0000"
    },
    "done": true
  },
  "comforts:sleeping_bag_light_gray": {
    "criteria": {
      "has_the_recipe": "2024-07-14 22:06:19 +0000"
    },
    "done": true
  },
  "comforts:hammock_black": {
    "criteria": {
      "has_the_recipe": "2024-07-14 22:06:19 +0000"
    },
    "done": true
  },
  "friendsandfoes:misc/yellow_dye_from_buttercup": {
    "criteria": {
      "has_the_recipe": "2024-07-14 22:06:19 +0000"
    },
    "done": true
  },
  "comforts:hammock_cyan": {
    "criteria": {
      "has_the_recipe": "2024-07-14 22:06:19 +0000"
    },
    "done": true
  },
  "comforts:sleeping_bag_purple": {
    "criteria": {
      "has_the_recipe": "2024-07-14 22:06:19 +0000"
    },
    "done": true
  },
  "comforts:sleeping_bag_green": {
    "criteria": {
      "has_the_recipe": "2024-07-14 22:06:19 +0000"
    },
    "done": true
  },
  "comforts:hammock_light_blue": {
    "criteria": {
      "has_the_recipe": "2024-07-14 22:06:19 +0000"
    },
    "done": true
  },
  "comforts:sleeping_bag_magenta": {
    "criteria": {
      "has_the_recipe": "2024-07-14 22:06:19 +0000"
    },
    "done": true
  },
  "comforts:hammock_green": {
    "criteria": {
      "has_the_recipe": "2024-07-14 22:06:19 +0000"
    },
    "done": true
  },
  "comforts:sleeping_bag_black": {
    "criteria": {
      "has_the_recipe": "2024-07-14 22:06:19 +0000"
    },
    "done": true
  },
  "comforts:hammock_lime": {
    "criteria": {
      "has_the_recipe": "2024-07-14 22:06:19 +0000"
    },
    "done": true
  },
  "comforts:sleeping_bag_red": {
    "criteria": {
      "has_the_recipe": "2024-07-14 22:06:19 +0000"
    },
    "done": true
  },
  "comforts:sleeping_bag_orange": {
    "criteria": {
      "has_the_recipe": "2024-07-14 22:06:19 +0000"
    },
    "done": true
  },
  "comforts:hammock_blue": {
    "criteria": {
      "has_the_recipe": "2024-07-14 22:06:19 +0000"
    },
    "done": true
  },
  "comforts:hammock_light_gray": {
    "criteria": {
      "has_the_recipe": "2024-07-14 22:06:19 +0000"
    },
    "done": true
  },
  "comforts:sleeping_bag_brown": {
    "criteria": {
      "has_the_recipe": "2024-07-14 22:06:19 +0000"
    },
    "done": true
  },
  "comforts:hammock_pink": {
    "criteria": {
      "has_the_recipe": "2024-07-14 22:06:19 +0000"
    },
    "done": true
  },
  "comforts:hammock_brown": {
    "criteria": {
      "has_the_recipe": "2024-07-14 22:06:19 +0000"
    },
    "done": true
  },
  "comforts:sleeping_bag_lime": {
    "criteria": {
      "has_the_recipe": "2024-07-14 22:06:19 +0000"
    },
    "done": true
  },
  "comforts:hammock_yellow": {
    "criteria": {
      "has_the_recipe": "2024-07-14 22:06:19 +0000"
    },
    "done": true
  },
  "comforts:sleeping_bag_blue": {
    "criteria": {
      "has_the_recipe": "2024-07-14 22:06:19 +0000"
    },
    "done": true
  },
  "comforts:sleeping_bag_yellow": {
    "criteria": {
      "has_the_recipe": "2024-07-14 22:06:19 +0000"
    },
    "done": true
  },
  "comforts:hammock_orange": {
    "criteria": {
      "has_the_recipe": "2024-07-14 22:06:19 +0000"
    },
    "done": true
  },
  "minecraft:nether/get_wither_skull": {
    "criteria": {
      "wither_skull": "2024-07-14 22:13:47 +0000"
    },
    "done": true
  },
  "alexsmobs:alexsmobs/straddler": {
    "criteria": {
      "killed_by": "2024-07-14 22:57:18 +0000"
    },
    "done": true
  },
  "repurposed_structures:pyramids": {
    "criteria": {
      "in_pyramid_nether": "2024-07-16 04:08:49 +0000"
    },
    "done": false
  },
  "DataVersion": 3465
}