{
  "adorabuild_structures:overworld_structures": {
    "criteria": {
      "always": "2024-06-24 00:45:41 +0000"
    },
    "done": true
  },
  "irons_spellbooks:grant_patchouli": {
    "criteria": {
      "tick": "2024-06-24 00:45:41 +0000"
    },
    "done": true
  },
  "iceandfire:iceandfire/root": {
    "criteria": {
      "tick": "2024-06-24 00:45:41 +0000"
    },
    "done": true
  },
  "betterend:root": {
    "criteria": {
      "welcome": "2024-06-24 00:45:41 +0000"
    },
    "done": true
  },
  "crabbersdelight:main/root": {
    "criteria": {
      "seeds": "2024-06-24 00:45:41 +0000"
    },
    "done": true
  },
  "betterdungeons:root": {
    "criteria": {
      "always": "2024-06-24 00:45:41 +0000"
    },
    "done": true
  },
  "born_in_chaos_v1:bornin_chaos": {
    "criteria": {
      "bornin_chaos_0": "2024-06-24 00:45:41 +0000"
    },
    "done": true
  },
  "undead_revamp2:theundeadchallenges": {
    "criteria": {
      "theundeadchallenges": "2024-06-24 00:45:41 +0000"
    },
    "done": true
  },
  "repurposed_structures:root": {
    "criteria": {
      "always": "2024-06-24 00:45:41 +0000"
    },
    "done": true
  },
  "mowziesmobs:root": {
    "criteria": {
      "custom_test_name": "2024-06-24 00:45:41 +0000"
    },
    "done": true
  },
  "dungeons_arise:wda_root": {
    "criteria": {
      "WDA": "2024-06-24 00:45:41 +0000"
    },
    "done": true
  },
  "cataclysm:root": {
    "criteria": {
      "custom_test_name": "2024-06-24 00:45:41 +0000"
    },
    "done": true
  },
  "farmersdelight:main/root": {
    "criteria": {
      "seeds": "2024-06-24 00:45:41 +0000"
    },
    "done": true
  },
  "minecraft:adventure/adventuring_time": {
    "criteria": {
      "minecraft:snowy_slopes": "2024-07-07 19:01:37 +0000",
      "minecraft:deep_ocean": "2024-07-12 19:30:15 +0000",
      "quark:glimmering_weald": "2024-07-08 17:29:05 +0000",
      "minecraft:sunflower_plains": "2024-06-24 00:48:53 +0000",
      "minecraft:cherry_grove": "2024-06-24 19:57:14 +0000",
      "minecraft:beach": "2024-06-25 20:11:03 +0000",
      "minecraft:dark_forest": "2024-06-25 20:07:20 +0000",
      "minecraft:river": "2024-06-24 01:31:28 +0000",
      "minecraft:lukewarm_ocean": "2024-07-12 18:54:40 +0000",
      "minecraft:stony_shore": "2024-07-08 17:39:30 +0000",
      "minecraft:dripstone_caves": "2024-06-24 21:27:35 +0000",
      "minecraft:swamp": "2024-07-10 21:33:36 +0000",
      "minecraft:cold_ocean": "2024-07-10 19:34:09 +0000",
      "minecraft:forest": "2024-06-24 00:46:45 +0000",
      "minecraft:deep_cold_ocean": "2024-07-09 20:57:40 +0000",
      "minecraft:ocean": "2024-06-25 20:15:06 +0000",
      "minecraft:windswept_savanna": "2024-07-10 21:32:49 +0000",
      "minecraft:deep_lukewarm_ocean": "2024-07-12 18:55:19 +0000",
      "minecraft:flower_forest": "2024-06-24 01:32:39 +0000",
      "minecraft:frozen_peaks": "2024-07-08 17:56:21 +0000",
      "minecraft:old_growth_birch_forest": "2024-07-12 18:54:22 +0000",
      "minecraft:deep_dark": "2024-06-24 21:56:34 +0000",
      "minecraft:meadow": "2024-06-24 19:59:26 +0000",
      "minecraft:plains": "2024-06-24 00:45:41 +0000"
    },
    "done": false
  },
  "naturescompass:natures_compass_sapling": {
    "criteria": {
      "has_recipe": "2024-06-24 00:46:56 +0000"
    },
    "done": true
  },
  "naturescompass:natures_compass": {
    "criteria": {
      "has_recipe": "2024-06-24 00:46:56 +0000"
    },
    "done": true
  },
  "naturescompass:natures_compass_log": {
    "criteria": {
      "has_log": "2024-06-24 00:46:56 +0000"
    },
    "done": true
  },
  "hearth_and_home:recipes/trims": {
    "criteria": {
      "has_item": "2024-06-24 00:46:58 +0000"
    },
    "done": true
  },
  "hearth_and_home:recipes/parquets": {
    "criteria": {
      "has_item": "2024-06-24 00:46:58 +0000"
    },
    "done": true
  },
  "hearth_and_home:recipes/lattices": {
    "criteria": {
      "has_item": "2024-06-24 00:46:58 +0000"
    },
    "done": true
  },
  "hearth_and_home:recipes/sanded_wood": {
    "criteria": {
      "has_item": "2024-06-24 00:46:58 +0000"
    },
    "done": true
  },
  "minecraft:story/root": {
    "criteria": {
      "crafting_table": "2024-06-24 00:47:23 +0000"
    },
    "done": true
  },
  "minecraft:husbandry/root": {
    "criteria": {
      "consumed_item": "2024-06-24 00:48:48 +0000"
    },
    "done": true
  },
  "dungeons_arise:find_greenwood_pub": {
    "criteria": {
      "location0": "2024-06-24 00:50:06 +0000"
    },
    "done": true
  },
  "minecraft:story/smelt_iron": {
    "criteria": {
      "iron": "2024-06-24 00:51:23 +0000"
    },
    "done": true
  },
  "comforts:rope_and_nail": {
    "criteria": {
      "has_iron": "2024-06-24 00:51:23 +0000"
    },
    "done": true
  },
  "minecraft:husbandry/balanced_diet": {
    "criteria": {
      "cooked_porkchop": "2024-06-24 01:11:35 +0000",
      "cooked_mutton": "2024-06-24 21:16:20 +0000",
      "cooked_beef": "2024-06-29 02:09:15 +0000",
      "baked_potato": "2024-06-24 21:22:58 +0000",
      "apple": "2024-06-24 01:44:30 +0000",
      "cooked_cod": "2024-06-24 20:09:05 +0000",
      "bread": "2024-06-24 00:52:45 +0000",
      "golden_apple": "2024-06-24 00:53:02 +0000",
      "rotten_flesh": "2024-06-24 23:37:25 +0000",
      "golden_carrot": "2024-06-29 02:53:23 +0000",
      "cooked_chicken": "2024-06-24 00:52:01 +0000",
      "enchanted_golden_apple": "2024-06-25 23:09:34 +0000",
      "mushroom_stew": "2024-06-24 19:50:38 +0000",
      "cooked_salmon": "2024-06-24 20:07:23 +0000",
      "carrot": "2024-06-24 01:42:00 +0000"
    },
    "done": false
  },
  "minecraft:story/obtain_armor": {
    "criteria": {
      "iron_chestplate": "2024-06-24 00:52:08 +0000"
    },
    "done": true
  },
  "minecraft:adventure/kill_a_mob": {
    "criteria": {
      "minecraft:skeleton": "2024-06-24 00:53:04 +0000"
    },
    "done": true
  },
  "minecraft:adventure/kill_all_mobs": {
    "criteria": {
      "minecraft:pillager": "2024-06-24 01:33:31 +0000",
      "minecraft:blaze": "2024-07-03 21:45:27 +0000",
      "minecraft:skeleton": "2024-06-24 00:53:04 +0000",
      "minecraft:ghast": "2024-07-03 19:40:32 +0000",
      "minecraft:hoglin": "2024-07-03 21:50:18 +0000",
      "minecraft:guardian": "2024-07-10 19:34:46 +0000",
      "minecraft:vindicator": "2024-06-24 01:27:16 +0000",
      "minecraft:magma_cube": "2024-07-03 21:44:58 +0000",
      "minecraft:spider": "2024-06-24 01:41:53 +0000",
      "minecraft:piglin_brute": "2024-07-03 21:51:43 +0000",
      "minecraft:creeper": "2024-06-24 20:11:52 +0000",
      "minecraft:wither": "2024-07-11 21:29:18 +0000",
      "minecraft:slime": "2024-06-25 22:02:14 +0000",
      "minecraft:evoker": "2024-07-11 20:59:19 +0000",
      "minecraft:phantom": "2024-06-24 23:37:30 +0000",
      "minecraft:zombified_piglin": "2024-07-03 19:37:29 +0000",
      "minecraft:wither_skeleton": "2024-07-03 21:44:55 +0000",
      "minecraft:cave_spider": "2024-06-24 01:40:58 +0000",
      "quark:wraith": "2024-07-16 19:56:51 +0000",
      "minecraft:piglin": "2024-07-03 19:19:28 +0000",
      "minecraft:enderman": "2024-06-24 01:28:18 +0000",
      "minecraft:stray": "2024-06-24 01:43:18 +0000",
      "minecraft:silverfish": "2024-07-10 19:30:04 +0000",
      "minecraft:endermite": "2024-07-11 22:27:26 +0000",
      "minecraft:zombie": "2024-06-24 01:04:14 +0000",
      "quark:foxhound": "2024-07-03 20:05:28 +0000",
      "minecraft:drowned": "2024-06-27 19:56:21 +0000",
      "minecraft:zombie_villager": "2024-07-10 21:38:28 +0000"
    },
    "done": false
  },
  "minecraft:adventure/root": {
    "criteria": {
      "killed_something": "2024-06-24 00:53:04 +0000"
    },
    "done": true
  },
  "minecraft:story/iron_tools": {
    "criteria": {
      "iron_pickaxe": "2024-06-24 00:58:10 +0000"
    },
    "done": true
  },
  "hearth_and_home:recipes/terracotta_bricks": {
    "criteria": {
      "has_item": "2024-06-24 00:59:16 +0000"
    },
    "done": true
  },
  "hearth_and_home:recipes/shingles": {
    "criteria": {
      "has_item": "2024-06-24 00:59:16 +0000"
    },
    "done": true
  },
  "hearth_and_home:recipes/tiles": {
    "criteria": {
      "has_item": "2024-06-24 00:59:16 +0000"
    },
    "done": true
  },
  "minecraft:story/mine_stone": {
    "criteria": {
      "get_stone": "2024-06-24 00:59:26 +0000"
    },
    "done": true
  },
  "minecraft:story/deflect_arrow": {
    "criteria": {
      "deflected_projectile": "2024-06-24 00:59:45 +0000"
    },
    "done": true
  },
  "minecraft:story/mine_diamond": {
    "criteria": {
      "diamond": "2024-06-24 01:25:30 +0000"
    },
    "done": true
  },
  "biomesoplenty:biomesoplenty/root": {
    "criteria": {
      "lavender_field": "2024-06-24 01:31:34 +0000"
    },
    "done": true
  },
  "biomesoplenty:biomesoplenty/all_biomes": {
    "criteria": {
      "shrubland": "2024-06-24 19:52:39 +0000",
      "rocky_shrubland": "2024-06-24 19:56:16 +0000",
      "erupting_inferno": "2024-07-03 21:40:16 +0000",
      "marsh": "2024-07-10 21:33:07 +0000",
      "jade_cliffs": "2024-07-07 18:55:31 +0000",
      "crystalline_chasm": "2024-07-03 21:43:23 +0000",
      "withered_abyss": "2024-07-10 20:53:48 +0000",
      "orchard": "2024-06-24 19:43:29 +0000",
      "lavender_forest": "2024-06-24 19:56:47 +0000",
      "coniferous_forest": "2024-07-05 19:10:46 +0000",
      "spider_nest": "2024-06-24 20:08:30 +0000",
      "redwood_forest": "2024-06-24 19:58:32 +0000",
      "visceral_heap": "2024-07-03 22:13:54 +0000",
      "seasonal_orchard": "2024-07-05 19:14:20 +0000",
      "dune_beach": "2024-06-24 19:29:53 +0000",
      "seasonal_forest": "2024-07-05 19:14:31 +0000",
      "pasture": "2024-06-24 19:29:19 +0000",
      "lavender_field": "2024-06-24 01:31:34 +0000",
      "fir_clearing": "2024-07-07 18:56:50 +0000",
      "grassland": "2024-06-25 20:06:00 +0000",
      "prairie": "2024-06-27 21:25:42 +0000",
      "undergrowth": "2024-07-03 21:48:51 +0000",
      "crag": "2024-07-10 21:32:59 +0000"
    },
    "done": false
  },
  "nova_structures:adventure/find_all_illager_structures": {
    "criteria": {
      "swamp_village": "2024-07-12 19:32:10 +0000",
      "illager_camp": "2024-06-24 01:32:43 +0000"
    },
    "done": false
  },
  "minecraft:nether/brew_potion": {
    "criteria": {
      "potion": "2024-06-24 01:36:06 +0000"
    },
    "done": true
  },
  "minecraft:adventure/sleep_in_bed": {
    "criteria": {
      "slept_in_bed": "2024-06-24 01:36:49 +0000"
    },
    "done": true
  },
  "born_in_chaos_v1:dismantledto_bones": {
    "criteria": {
      "dismantledto_bones_0": "2024-06-24 01:47:20 +0000"
    },
    "done": true
  },
  "born_in_chaos_v1:dark_metallurgy": {
    "criteria": {
      "dark_metallurgy_0": "2024-06-24 01:51:11 +0000"
    },
    "done": true
  },
  "undead_revamp2:sugarcoat": {
    "criteria": {
      "sugarcoat": "2024-06-24 01:57:20 +0000"
    },
    "done": true
  },
  "undead_revamp2:mommy": {
    "criteria": {
      "mommy": "2024-06-24 01:57:47 +0000"
    },
    "done": true
  },
  "undead_revamp2:nowyouknow": {
    "criteria": {
      "nowyouknow": "2024-06-24 01:58:13 +0000"
    },
    "done": true
  },
  "quark:get_all_blossom_saplings": {
    "criteria": {
      "yellow": "2024-06-24 19:25:26 +0000"
    },
    "done": false
  },
  "irons_spellbooks:irons_spellbooks/ink_root": {
    "criteria": {
      "requirement": "2024-06-24 19:30:04 +0000"
    },
    "done": true
  },
  "hearth_and_home:recipes/paper_lanterns": {
    "criteria": {
      "has_item": "2024-06-24 19:30:04 +0000"
    },
    "done": true
  },
  "minecraft:nether/obtain_blaze_rod": {
    "criteria": {
      "blaze_rod": "2024-06-24 19:34:53 +0000"
    },
    "done": true
  },
  "irons_spellbooks:make_inscription_table": {
    "criteria": {
      "inscription_table": "2024-06-24 19:36:39 +0000"
    },
    "done": true
  },
  "irons_spellbooks:irons_spellbooks/make_inscription_table": {
    "criteria": {
      "inscription_table": "2024-06-24 19:36:39 +0000"
    },
    "done": true
  },
  "irons_spellbooks:irons_spellbooks/root": {
    "criteria": {
      "inscription_table": "2024-06-24 19:36:39 +0000"
    },
    "done": true
  },
  "born_in_chaos_v1:lifeturnedouttobeacomedy": {
    "criteria": {
      "lifeturnedouttobeacomedy_0": "2024-06-24 19:45:06 +0000"
    },
    "done": true
  },
  "comforts:sleeping_bag_white": {
    "criteria": {
      "has_white_wool": "2024-06-24 19:49:26 +0000"
    },
    "done": true
  },
  "comforts:hammock_white": {
    "criteria": {
      "has_white_wool": "2024-06-24 19:49:26 +0000"
    },
    "done": true
  },
  "farmersdelight:main/eat_comfort_food": {
    "criteria": {
      "comfort": "2024-06-24 19:50:38 +0000"
    },
    "done": true
  },
  "undead_revamp2:earthyblood": {
    "criteria": {
      "earthyblood": "2024-06-24 20:45:46 +0000"
    },
    "done": true
  },
  "farmersdelight:main/plant_all_crops": {
    "criteria": {
      "potato": "2024-06-24 21:19:07 +0000",
      "carrot": "2024-07-10 21:42:56 +0000"
    },
    "done": false
  },
  "born_in_chaos_v1:fighting_nightmares": {
    "criteria": {
      "fighting_nightmares_0": "2024-06-24 21:39:30 +0000"
    },
    "done": true
  },
  "born_in_chaos_v1:deceived_hopes": {
    "criteria": {
      "deceived_hopes_0": "2024-06-24 21:51:22 +0000"
    },
    "done": true
  },
  "deeperdarker:main/root": {
    "criteria": {
      "deep_dark": "2024-06-24 21:56:34 +0000"
    },
    "done": true
  },
  "minecraft:adventure/avoid_vibration": {
    "criteria": {
      "avoid_vibration": "2024-06-24 21:58:05 +0000"
    },
    "done": true
  },
  "born_in_chaos_v1:horror_underthe_mantle": {
    "criteria": {
      "horror_underthe_mantle_0": "2024-06-24 22:02:15 +0000"
    },
    "done": true
  },
  "born_in_chaos_v1:pieceof_chaos": {
    "criteria": {
      "pieceof_chaos_0": "2024-06-24 22:02:22 +0000"
    },
    "done": true
  },
  "minecraft:adventure/shoot_arrow": {
    "criteria": {
      "shot_arrow": "2024-06-24 22:03:36 +0000"
    },
    "done": true
  },
  "minecraft:story/lava_bucket": {
    "criteria": {
      "lava_bucket": "2024-06-24 22:19:49 +0000"
    },
    "done": true
  },
  "minecraft:story/form_obsidian": {
    "criteria": {
      "obsidian": "2024-06-24 22:31:42 +0000"
    },
    "done": true
  },
  "born_in_chaos_v1:good_demoman": {
    "criteria": {
      "good_demoman_0": "2024-06-24 22:40:31 +0000"
    },
    "done": true
  },
  "minecraft:story/enchant_item": {
    "criteria": {
      "enchanted_item": "2024-06-24 22:42:28 +0000"
    },
    "done": true
  },
  "minecraft:story/shiny_gear": {
    "criteria": {
      "diamond_leggings": "2024-06-24 22:43:07 +0000"
    },
    "done": true
  },
  "deeperdarker:main/find_ancient_city": {
    "criteria": {
      "ancient_city": "2024-06-24 22:44:00 +0000"
    },
    "done": true
  },
  "alexscaves:alexscaves/root": {
    "criteria": {
      "underground_cabin": "2024-06-24 22:52:20 +0000"
    },
    "done": true
  },
  "alexscaves:alexscaves/cave_book": {
    "criteria": {
      "cave_book": "2024-06-24 22:52:28 +0000"
    },
    "done": true
  },
  "alexscaves:alexscaves/cave_tablet": {
    "criteria": {
      "cave_tablet": "2024-06-24 22:52:33 +0000"
    },
    "done": true
  },
  "comforts:sleeping_bag_gray": {
    "criteria": {
      "has_gray_wool": "2024-06-24 23:01:56 +0000"
    },
    "done": true
  },
  "comforts:hammock_gray": {
    "criteria": {
      "has_gray_wool": "2024-06-24 23:01:56 +0000"
    },
    "done": true
  },
  "iceandfire:iceandfire/kill_troll": {
    "criteria": {
      "killed_fire_dragon": "2024-06-24 23:23:57 +0000"
    },
    "done": true
  },
  "deeperdarker:main/kill_all_sculk_mobs": {
    "criteria": {
      "shattered": "2024-06-26 21:56:28 +0000",
      "phantom": "2024-06-24 23:37:30 +0000",
      "shriek_worm": "2024-06-26 21:58:36 +0000",
      "sculk_centipede": "2024-06-26 21:55:15 +0000",
      "warden": "2024-06-25 23:11:38 +0000",
      "sculk_snapper": "2024-07-03 20:19:00 +0000"
    },
    "done": false
  },
  "born_in_chaos_v1:dark_forging": {
    "criteria": {
      "dark_forging_0": "2024-06-25 19:56:25 +0000"
    },
    "done": true
  },
  "minecraft:adventure/ol_betsy": {
    "criteria": {
      "shot_crossbow": "2024-06-25 20:10:30 +0000"
    },
    "done": true
  },
  "alexsmobs:alexsmobs/seagull_steal": {
    "criteria": {
      "ex": "2024-06-25 20:11:04 +0000"
    },
    "done": true
  },
  "iceandfire:iceandfire/kill_sea_serpent": {
    "criteria": {
      "killed_fire_dragon": "2024-06-25 20:26:08 +0000"
    },
    "done": true
  },
  "minecraft:adventure/trade": {
    "criteria": {
      "traded": "2024-06-25 20:34:25 +0000"
    },
    "done": true
  },
  "undead_revamp2:nightnight": {
    "criteria": {
      "nightnight": "2024-06-25 21:55:07 +0000"
    },
    "done": true
  },
  "deeperdarker:main/kill_warden": {
    "criteria": {
      "warden": "2024-06-25 23:11:38 +0000"
    },
    "done": true
  },
  "iceandfire:iceandfire/kill_if_dragon": {
    "criteria": {
      "killed_fire_dragon": "2024-06-26 20:29:20 +0000"
    },
    "done": true
  },
  "born_in_chaos_v1:junior_summoner": {
    "criteria": {
      "junior_summoner_0": "2024-06-26 20:32:36 +0000"
    },
    "done": true
  },
  "iceandfire:iceandfire/kill_ghost": {
    "criteria": {
      "killed_fire_dragon": "2024-06-26 20:35:46 +0000"
    },
    "done": true
  },
  "comforts:sleeping_bag_red": {
    "criteria": {
      "has_red_wool": "2024-06-26 21:20:46 +0000"
    },
    "done": true
  },
  "comforts:hammock_red": {
    "criteria": {
      "has_red_wool": "2024-06-26 21:20:46 +0000"
    },
    "done": true
  },
  "deeperdarker:main/enter_otherside": {
    "criteria": {
      "otherside": "2024-06-26 21:53:21 +0000"
    },
    "done": true
  },
  "deeperdarker:main/explore_otherside": {
    "criteria": {
      "overcast_columns": "2024-06-26 21:53:22 +0000",
      "deeplands": "2024-06-26 21:54:02 +0000",
      "echoing_forest": "2024-06-26 21:53:59 +0000"
    },
    "done": true
  },
  "minecraft:adventure/kill_mob_near_sculk_catalyst": {
    "criteria": {
      "kill_mob_near_sculk_catalyst": "2024-06-26 21:55:46 +0000"
    },
    "done": true
  },
  "born_in_chaos_v1:hat_for_dark_deeds": {
    "criteria": {
      "hat_for_dark_deeds_0": "2024-06-27 20:05:26 +0000"
    },
    "done": true
  },
  "born_in_chaos_v1:hatman": {
    "criteria": {
      "hatman_1": "2024-06-27 20:05:26 +0000"
    },
    "done": false
  },
  "born_in_chaos_v1:exorcism": {
    "criteria": {
      "exorcism_0": "2024-06-27 20:17:46 +0000"
    },
    "done": true
  },
  "born_in_chaos_v1:the_wind_darkening": {
    "criteria": {
      "the_wind_darkening_0": "2024-06-27 20:20:53 +0000"
    },
    "done": true
  },
  "farmersdelight:main/get_fd_seed": {
    "criteria": {
      "onion": "2024-06-29 01:49:47 +0000"
    },
    "done": true
  },
  "irons_spellbooks:irons_spellbooks/make_arcane_anvil": {
    "criteria": {
      "arcane_anvil": "2024-06-29 02:26:21 +0000"
    },
    "done": true
  },
  "minecraft:nether/obtain_crying_obsidian": {
    "criteria": {
      "crying_obsidian": "2024-06-29 02:41:57 +0000"
    },
    "done": true
  },
  "undead_revamp2:thineded": {
    "criteria": {
      "thineded": "2024-06-29 02:48:01 +0000"
    },
    "done": true
  },
  "undead_revamp2:oneskelly": {
    "criteria": {
      "oneskelly": "2024-06-29 02:48:02 +0000"
    },
    "done": true
  },
  "undead_revamp2:legendaryweapon": {
    "criteria": {
      "legendaryweapon": "2024-06-29 02:54:25 +0000"
    },
    "done": true
  },
  "minecraft:nether/explore_nether": {
    "criteria": {
      "minecraft:crimson_forest": "2024-07-03 22:07:45 +0000",
      "minecraft:nether_wastes": "2024-06-29 03:10:08 +0000",
      "minecraft:soul_sand_valley": "2024-07-05 17:58:36 +0000",
      "minecraft:warped_forest": "2024-06-29 03:10:26 +0000",
      "minecraft:basalt_deltas": "2024-07-03 21:39:31 +0000"
    },
    "done": true
  },
  "bygonenether:root": {
    "criteria": {
      "entered_nether": "2024-06-29 03:10:08 +0000"
    },
    "done": true
  },
  "minecraft:story/enter_the_nether": {
    "criteria": {
      "entered_nether": "2024-06-29 03:10:08 +0000"
    },
    "done": true
  },
  "adorabuild_structures:nether_structures": {
    "criteria": {
      "example": "2024-06-29 03:10:08 +0000"
    },
    "done": true
  },
  "minecraft:nether/root": {
    "criteria": {
      "entered_nether": "2024-06-29 03:10:08 +0000"
    },
    "done": true
  },
  "minecraft:nether/get_wither_skull": {
    "criteria": {
      "wither_skull": "2024-07-03 19:24:55 +0000"
    },
    "done": true
  },
  "adorabuild_structures:fireproof": {
    "criteria": {
      "nether_temple_medium_1": "2024-07-03 21:43:48 +0000",
      "nether_fortress_large_1": "2024-07-14 22:51:16 +0000",
      "warped_house_small_2": "2024-07-03 22:27:37 +0000",
      "nether_portal_small_1": "2024-07-09 20:57:13 +0000",
      "blackstone_bastion_small_1": "2024-07-10 20:58:07 +0000",
      "blackstone_bastion_medium_2": "2024-07-03 19:39:50 +0000"
    },
    "done": false
  },
  "born_in_chaos_v1:big_boy": {
    "criteria": {
      "big_boy_0": "2024-07-03 21:32:46 +0000"
    },
    "done": true
  },
  "minecraft:nether/return_to_sender": {
    "criteria": {
      "killed_ghast": "2024-07-03 21:40:47 +0000"
    },
    "done": true
  },
  "minecraft:nether/find_fortress": {
    "criteria": {
      "in_better_fortress": "2024-07-03 21:44:32 +0000"
    },
    "done": true
  },
  "alexsmobs:alexsmobs/straddler": {
    "criteria": {
      "killed_by": "2024-07-03 21:48:41 +0000"
    },
    "done": true
  },
  "minecraft:nether/find_bastion": {
    "criteria": {
      "bastion": "2024-07-03 21:50:43 +0000"
    },
    "done": true
  },
  "minecraft:nether/loot_bastion": {
    "criteria": {
      "loot_bastion_treasure": "2024-07-03 21:52:03 +0000"
    },
    "done": true
  },
  "nova_structures:nether/find_piglins": {
    "criteria": {
      "nova_structures:piglin_camp": "2024-07-03 21:59:09 +0000"
    },
    "done": false
  },
  "alexsmobs:alexsmobs/crimson_mosquito": {
    "criteria": {
      "killed_by": "2024-07-03 22:15:43 +0000"
    },
    "done": true
  },
  "repurposed_structures:mineshafts": {
    "criteria": {
      "in_mineshaft_crimson": "2024-07-05 17:48:02 +0000",
      "in_mineshaft_nether": "2024-07-03 22:18:06 +0000"
    },
    "done": false
  },
  "repurposed_structures:shipwrecks": {
    "criteria": {
      "in_shipwreck_nether_bricks": "2024-07-03 22:23:58 +0000"
    },
    "done": false
  },
  "cataclysm:find_soul_black_smith": {
    "criteria": {
      "blacksmith": "2024-07-03 22:46:30 +0000"
    },
    "done": true
  },
  "born_in_chaos_v1:double_trouble": {
    "criteria": {
      "double_trouble_0": "2024-07-04 20:18:37 +0000"
    },
    "done": true
  },
  "born_in_chaos_v1:bypassingthe_expiration_date": {
    "criteria": {
      "bypassingthe_expiration_date_0": "2024-07-05 17:38:27 +0000"
    },
    "done": true
  },
  "repurposed_structures:temples": {
    "criteria": {
      "in_temple_nether_crimson": "2024-07-05 17:55:56 +0000",
      "in_temple_nether_wasteland": "2024-07-16 19:59:33 +0000",
      "in_temple_ocean": "2024-07-10 19:34:33 +0000"
    },
    "done": false
  },
  "minecraft:nether/ride_strider": {
    "criteria": {
      "used_warped_fungus_on_a_stick": "2024-07-05 18:23:08 +0000"
    },
    "done": true
  },
  "repurposed_structures:ruins": {
    "criteria": {
      "in_ruins_nether": "2024-07-05 18:36:12 +0000"
    },
    "done": false
  },
  "adorabuild_structures:tireless_legs": {
    "criteria": {
      "birch_house_medium_1": "2024-07-10 21:20:10 +0000",
      "oak_house_small_3": "2024-07-05 19:08:48 +0000",
      "oak_house_small_1": "2024-07-10 21:33:04 +0000",
      "oak_house_medium_2": "2024-07-05 19:12:05 +0000"
    },
    "done": false
  },
  "irons_spellbooks:irons_spellbooks/spell_book_rotten": {
    "criteria": {
      "requirement": "2024-07-05 19:27:15 +0000"
    },
    "done": true
  },
  "hearth_and_home:recipes/barred_glass": {
    "criteria": {
      "has_item": "2024-07-07 19:22:12 +0000"
    },
    "done": true
  },
  "betterdungeons:all_dungeons": {
    "criteria": {
      "in_better_monster_room": "2024-07-08 17:21:03 +0000",
      "in_better_spider_dungeon": "2024-07-11 21:04:01 +0000"
    },
    "done": false
  },
  "betterdungeons:small_dungeon": {
    "criteria": {
      "in_better_monster_room": "2024-07-08 17:21:03 +0000"
    },
    "done": true
  },
  "iceandfire:iceandfire/kill_cyclops": {
    "criteria": {
      "killed_fire_dragon": "2024-07-09 19:53:27 +0000"
    },
    "done": true
  },
  "alexsmobs:alexsmobs/soul_vulture": {
    "criteria": {
      "killed_by": "2024-07-09 20:37:33 +0000"
    },
    "done": true
  },
  "minecraft:nether/obtain_ancient_debris": {
    "criteria": {
      "ancient_debris": "2024-07-09 20:50:57 +0000"
    },
    "done": true
  },
  "minecraft:nether/charge_respawn_anchor": {
    "criteria": {
      "charge_respawn_anchor": "2024-07-09 20:53:23 +0000"
    },
    "done": true
  },
  "minecraft:nether/fast_travel": {
    "criteria": {
      "travelled": "2024-07-09 20:57:31 +0000"
    },
    "done": true
  },
  "cataclysm:kill_monstrosity": {
    "criteria": {
      "netheritemonstrosity": "2024-07-09 21:03:01 +0000"
    },
    "done": true
  },
  "dungeons_arise:find_undead_pirate_ship": {
    "criteria": {
      "location0": "2024-07-09 21:15:58 +0000"
    },
    "done": true
  },
  "iceandfire:iceandfire/kill_siren": {
    "criteria": {
      "killed_fire_dragon": "2024-07-09 21:16:28 +0000"
    },
    "done": true
  },
  "born_in_chaos_v1:horrorofthe_depths": {
    "criteria": {
      "horrorofthe_depths_0": "2024-07-09 21:17:16 +0000"
    },
    "done": true
  },
  "repurposed_structures:villages": {
    "criteria": {
      "in_village_ocean": "2024-07-09 21:17:49 +0000"
    },
    "done": false
  },
  "minecraft:adventure/trim_with_all_exclusive_armor_patterns": {
    "criteria": {
      "armor_trimmed_minecraft:ward_armor_trim_smithing_template_smithing_trim": "2024-07-09 21:22:27 +0000"
    },
    "done": false
  },
  "minecraft:adventure/trim_with_any_armor_pattern": {
    "criteria": {
      "armor_trimmed_minecraft:ward_armor_trim_smithing_template_smithing_trim": "2024-07-09 21:22:27 +0000"
    },
    "done": true
  },
  "cataclysm:find_burning_arena": {
    "criteria": {
      "arena": "2024-07-10 21:01:43 +0000"
    },
    "done": true
  },
  "cataclysm:kill_revenant": {
    "criteria": {
      "endergolem": "2024-07-10 21:02:53 +0000"
    },
    "done": true
  },
  "nova_structures:adventure/find_tavern": {
    "criteria": {
      "nova_structures:tavern_spruce": "2024-07-10 21:37:06 +0000"
    },
    "done": true
  },
  "nova_structures:root": {
    "criteria": {
      "nova_structures:adventure/find_tavern": "2024-07-10 21:37:06 +0000"
    },
    "done": true
  },
  "nova_structures:adventure/tavern_quest": {
    "criteria": {
      "open_tavern_chest": "2024-07-10 21:37:36 +0000"
    },
    "done": true
  },
  "cataclysm:kill_ignis": {
    "criteria": {
      "ignis": "2024-07-10 22:00:14 +0000"
    },
    "done": true
  },
  "friendsandfoes:adventure/the_magicians": {
    "criteria": {
      "killed_evoker": "2024-07-11 20:59:19 +0000"
    },
    "done": false
  },
  "betterdungeons:spider_dungeon": {
    "criteria": {
      "in_better_spider_dungeon": "2024-07-11 21:04:01 +0000"
    },
    "done": true
  },
  "undead_revamp2:parry": {
    "criteria": {
      "parry": "2024-07-11 21:25:52 +0000"
    },
    "done": true
  },
  "minecraft:nether/summon_wither": {
    "criteria": {
      "summoned": "2024-07-11 21:28:23 +0000"
    },
    "done": true
  },
  "minecraft:adventure/totem_of_undying": {
    "criteria": {
      "used_totem": "2024-07-11 21:54:29 +0000"
    },
    "done": true
  },
  "cataclysm:find_sunken_city": {
    "criteria": {
      "factory": "2024-07-12 18:55:55 +0000"
    },
    "done": true
  },
  "hearth_and_home:recipes/polished_calcite": {
    "criteria": {
      "has_item": "2024-07-12 19:04:34 +0000"
    },
    "done": true
  },
  "nova_structures:adventure/find_swamp_village": {
    "criteria": {
      "minecraft:village_swamp": "2024-07-12 19:32:10 +0000"
    },
    "done": true
  },
  "comforts:sleeping_bag_light_blue": {
    "criteria": {
      "has_the_recipe": "2024-07-14 22:07:30 +0000"
    },
    "done": true
  },
  "comforts:hammock_purple": {
    "criteria": {
      "has_the_recipe": "2024-07-14 22:07:30 +0000"
    },
    "done": true
  },
  "comforts:sleeping_bag_pink": {
    "criteria": {
      "has_the_recipe": "2024-07-14 22:07:30 +0000"
    },
    "done": true
  },
  "comforts:hammock_magenta": {
    "criteria": {
      "has_the_recipe": "2024-07-14 22:07:30 +0000"
    },
    "done": true
  },
  "comforts:sleeping_bag_cyan": {
    "criteria": {
      "has_the_recipe": "2024-07-14 22:07:30 +0000"
    },
    "done": true
  },
  "comforts:sleeping_bag_light_gray": {
    "criteria": {
      "has_the_recipe": "2024-07-14 22:07:30 +0000"
    },
    "done": true
  },
  "comforts:hammock_black": {
    "criteria": {
      "has_the_recipe": "2024-07-14 22:07:30 +0000"
    },
    "done": true
  },
  "friendsandfoes:misc/yellow_dye_from_buttercup": {
    "criteria": {
      "has_the_recipe": "2024-07-14 22:07:30 +0000"
    },
    "done": true
  },
  "comforts:hammock_cyan": {
    "criteria": {
      "has_the_recipe": "2024-07-14 22:07:30 +0000"
    },
    "done": true
  },
  "comforts:sleeping_bag_purple": {
    "criteria": {
      "has_the_recipe": "2024-07-14 22:07:30 +0000"
    },
    "done": true
  },
  "comforts:sleeping_bag_green": {
    "criteria": {
      "has_the_recipe": "2024-07-14 22:07:30 +0000"
    },
    "done": true
  },
  "comforts:hammock_light_blue": {
    "criteria": {
      "has_the_recipe": "2024-07-14 22:07:30 +0000"
    },
    "done": true
  },
  "comforts:sleeping_bag_magenta": {
    "criteria": {
      "has_the_recipe": "2024-07-14 22:07:30 +0000"
    },
    "done": true
  },
  "comforts:hammock_green": {
    "criteria": {
      "has_the_recipe": "2024-07-14 22:07:30 +0000"
    },
    "done": true
  },
  "comforts:sleeping_bag_black": {
    "criteria": {
      "has_the_recipe": "2024-07-14 22:07:30 +0000"
    },
    "done": true
  },
  "comforts:hammock_lime": {
    "criteria": {
      "has_the_recipe": "2024-07-14 22:07:30 +0000"
    },
    "done": true
  },
  "comforts:sleeping_bag_orange": {
    "criteria": {
      "has_the_recipe": "2024-07-14 22:07:30 +0000"
    },
    "done": true
  },
  "comforts:hammock_blue": {
    "criteria": {
      "has_the_recipe": "2024-07-14 22:07:30 +0000"
    },
    "done": true
  },
  "comforts:hammock_light_gray": {
    "criteria": {
      "has_the_recipe": "2024-07-14 22:07:30 +0000"
    },
    "done": true
  },
  "comforts:sleeping_bag_brown": {
    "criteria": {
      "has_the_recipe": "2024-07-14 22:07:30 +0000"
    },
    "done": true
  },
  "comforts:hammock_pink": {
    "criteria": {
      "has_the_recipe": "2024-07-14 22:07:30 +0000"
    },
    "done": true
  },
  "comforts:hammock_brown": {
    "criteria": {
      "has_the_recipe": "2024-07-14 22:07:30 +0000"
    },
    "done": true
  },
  "comforts:sleeping_bag_lime": {
    "criteria": {
      "has_the_recipe": "2024-07-14 22:07:30 +0000"
    },
    "done": true
  },
  "comforts:hammock_yellow": {
    "criteria": {
      "has_the_recipe": "2024-07-14 22:07:30 +0000"
    },
    "done": true
  },
  "comforts:sleeping_bag_blue": {
    "criteria": {
      "has_the_recipe": "2024-07-14 22:07:30 +0000"
    },
    "done": true
  },
  "comforts:sleeping_bag_yellow": {
    "criteria": {
      "has_the_recipe": "2024-07-14 22:07:30 +0000"
    },
    "done": true
  },
  "comforts:hammock_orange": {
    "criteria": {
      "has_the_recipe": "2024-07-14 22:07:30 +0000"
    },
    "done": true
  },
  "alexsmobs:alexsmobs/root": {
    "criteria": {
      "useitem": "2024-07-14 22:08:11 +0000"
    },
    "done": true
  },
  "adorabuild_structures:the_lethal_towers": {
    "criteria": {
      "nether_fortress_large_1": "2024-07-14 22:51:16 +0000"
    },
    "done": true
  },
  "repurposed_structures:pyramids": {
    "criteria": {
      "in_pyramid_nether": "2024-07-16 20:44:01 +0000"
    },
    "done": false
  },
  "farmersdelight:main/get_ham": {
    "criteria": {
      "smoked_ham": "2024-07-16 22:13:20 +0000"
    },
    "done": true
  },
  "DataVersion": 3465
}